key,country,decimalLatitude,decimalLongitude,month,year,basisOfRecord,datasetName,kingdom,phylum,class,order,family,genus,species
1265917826,Brazil,-26.282222,-49.359167,4,2016,PRESERVED_SPECIMEN,FURB - Herbário Dr. Roberto Miguel Klein,Plantae,Tracheophyta,Liliopsida,Liliales,Alstroemeriaceae,Alstroemeria,Alstroemeria isabelleana
1455751658,Brazil,0,0,10,2016,PRESERVED_SPECIMEN,ICN - Herbário do Instituto de Ciências Naturais,Plantae,Tracheophyta,Liliopsida,Liliales,Alstroemeriaceae,Alstroemeria,Alstroemeria isabelleana
1806848651,Brazil,-28.342611,-49.606389,1,2015,PRESERVED_SPECIMEN,SPF - Herbário da Universidade de São Paulo,Plantae,Tracheophyta,Liliopsida,Liliales,Alstroemeriaceae,Alstroemeria,Alstroemeria isabelleana
1208831953,Brazil,0,0,9,2015,PRESERVED_SPECIMEN,CESJ - Herbário Leopoldo Krieger,Plantae,Tracheophyta,Liliopsida,Liliales,Alstroemeriaceae,Alstroemeria,Alstroemeria isabelleana
1423900130,Brazil,,,10,2015,PRESERVED_SPECIMEN,RB - Rio de Janeiro Botanical Garden Herbarium Collection,Plantae,Tracheophyta,Liliopsida,Liliales,Alstroemeriaceae,Alstroemeria,Alstroemeria isabelleana
1213531557,Brazil,-26.502222,-51.639167,10,2015,PRESERVED_SPECIMEN,ICN - Herbário do Instituto de Ciências Naturais,Plantae,Tracheophyta,Liliopsida,Liliales,Alstroemeriaceae,Alstroemeria,Alstroemeria isabelleana
1801101599,Brazil,-28.161111,-49.636667,9,2014,PRESERVED_SPECIMEN,FLOR - Herbário do Departamento de Botânica da Universidade Federal de Santa Catarina,Plantae,Tracheophyta,Liliopsida,Liliales,Alstroemeriaceae,Alstroemeria,Alstroemeria isabelleana
1095356717,Brazil,-28.663056,-49.958333,1,2013,PRESERVED_SPECIMEN,ICN - Herbário do Instituto de Ciências Naturais,Plantae,Tracheophyta,Liliopsida,Liliales,Alstroemeriaceae,Alstroemeria,Alstroemeria isabelleana
1424457686,Brazil,-22.501389,-45.1375,3,2013,PRESERVED_SPECIMEN,RB - Rio de Janeiro Botanical Garden Herbarium Collection,Plantae,Tracheophyta,Liliopsida,Liliales,Alstroemeriaceae,Alstroemeria,Alstroemeria isabelleana
1143413697,Brazil,-28.241389,-50.01,3,2013,PRESERVED_SPECIMEN,FLOR - Herbário do Departamento de Botânica da Universidade Federal de Santa Catarina,Plantae,Tracheophyta,Liliopsida,Liliales,Alstroemeriaceae,Alstroemeria,Alstroemeria isabelleana
1424478097,Brazil,-22.320556,-42.722778,4,2013,PRESERVED_SPECIMEN,RB - Rio de Janeiro Botanical Garden Herbarium Collection,Plantae,Tracheophyta,Liliopsida,Liliales,Alstroemeriaceae,Alstroemeria,Alstroemeria isabelleana
1077420435,Brazil,-26.912778,-49.423611,5,2013,PRESERVED_SPECIMEN,FURB - Herbário Dr. Roberto Miguel Klein,Plantae,Tracheophyta,Liliopsida,Liliales,Alstroemeriaceae,Alstroemeria,Alstroemeria isabelleana
1424462517,Brazil,-22.501944,-45.14,9,2013,PRESERVED_SPECIMEN,RB - Rio de Janeiro Botanical Garden Herbarium Collection,Plantae,Tracheophyta,Liliopsida,Liliales,Alstroemeriaceae,Alstroemeria,Alstroemeria isabelleana
1424503009,Brazil,-27.685555,-49.439722,11,2013,PRESERVED_SPECIMEN,RB - Rio de Janeiro Botanical Garden Herbarium Collection,Plantae,Tracheophyta,Liliopsida,Liliales,Alstroemeriaceae,Alstroemeria,Alstroemeria isabelleana
1095631682,Brazil,-27.685583,-49.439825,11,2013,PRESERVED_SPECIMEN,MBM - Herbário do Museu Botânico Municipal,Plantae,Tracheophyta,Liliopsida,Liliales,Alstroemeriaceae,Alstroemeria,Alstroemeria isabelleana
1848248034,Brazil,-26.505778,-51.674472,12,2013,PRESERVED_SPECIMEN,MBM - Herbário do Museu Botânico Municipal,Plantae,Tracheophyta,Liliopsida,Liliales,Alstroemeriaceae,Alstroemeria,Alstroemeria isabelleana
1213674458,Brazil,0,0,12,2013,PRESERVED_SPECIMEN,MBM - Herbário do Museu Botânico Municipal,Plantae,Tracheophyta,Liliopsida,Liliales,Alstroemeriaceae,Alstroemeria,Alstroemeria isabelleana
1094914534,Brazil,,,9,2012,PRESERVED_SPECIMEN,HUEFS - Herbario da Universidade Estadual de Feira de Santana,Plantae,Tracheophyta,Liliopsida,Liliales,Alstroemeriaceae,Alstroemeria,Alstroemeria isabelleana
1252595130,Brazil,0,0,10,2012,PRESERVED_SPECIMEN,ICN - Herbário do Instituto de Ciências Naturais,Plantae,Tracheophyta,Liliopsida,Liliales,Alstroemeriaceae,Alstroemeria,Alstroemeria isabelleana
1077418652,Brazil,-27.972222,-49.649167,11,2012,PRESERVED_SPECIMEN,FURB - Herbário Dr. Roberto Miguel Klein,Plantae,Tracheophyta,Liliopsida,Liliales,Alstroemeriaceae,Alstroemeria,Alstroemeria isabelleana
1086964155,Brazil,0,0,1,2011,PRESERVED_SPECIMEN,FUEL - Herbário da Universidade Estadual de Londrina,Plantae,Tracheophyta,Liliopsida,Liliales,Alstroemeriaceae,Alstroemeria,Alstroemeria isabelleana
1077503930,Brazil,0,0,1,2011,PRESERVED_SPECIMEN,HUCS - Herbário da Universidade de Caxias do Sul,Plantae,Tracheophyta,Liliopsida,Liliales,Alstroemeriaceae,Alstroemeria,Alstroemeria isabelleana
1077415440,Brazil,-27.961667,-51.34,1,2011,PRESERVED_SPECIMEN,FURB - Herbário Dr. Roberto Miguel Klein,Plantae,Tracheophyta,Liliopsida,Liliales,Alstroemeriaceae,Alstroemeria,Alstroemeria isabelleana
1095627864,Brazil,-27.95,-54.333333,1,2011,PRESERVED_SPECIMEN,MBM - Herbário do Museu Botânico Municipal,Plantae,Tracheophyta,Liliopsida,Liliales,Alstroemeriaceae,Alstroemeria,Alstroemeria isabelleana
1095355559,Brazil,0,0,11,2011,PRESERVED_SPECIMEN,ICN - Herbário do Instituto de Ciências Naturais,Plantae,Tracheophyta,Liliopsida,Liliales,Alstroemeriaceae,Alstroemeria,Alstroemeria isabelleana
1913571857,Brazil,0,0,4,2010,PRESERVED_SPECIMEN,VIC - Herbário da Universidade Federal de Viçosa,Plantae,Tracheophyta,Liliopsida,Liliales,Alstroemeriaceae,Alstroemeria,Alstroemeria isabelleana
1571561591,Brazil,0,0,1,2008,PRESERVED_SPECIMEN,ICN - Herbário do Instituto de Ciências Naturais,Plantae,Tracheophyta,Liliopsida,Liliales,Alstroemeriaceae,Alstroemeria,Alstroemeria isabelleana
1802962617,Brazil,-28.034722,-50.849722,7,2008,PRESERVED_SPECIMEN,PACA-AGP - Herbarium Anchieta,Plantae,Tracheophyta,Liliopsida,Liliales,Alstroemeriaceae,Alstroemeria,Alstroemeria isabelleana
1095364209,Brazil,0,0,12,2008,PRESERVED_SPECIMEN,ICN - Herbário do Instituto de Ciências Naturais,Plantae,Tracheophyta,Liliopsida,Liliales,Alstroemeriaceae,Alstroemeria,Alstroemeria isabelleana
1095341722,Brazil,0,0,1,2007,PRESERVED_SPECIMEN,ICN - Herbário do Instituto de Ciências Naturais,Plantae,Tracheophyta,Liliopsida,Liliales,Alstroemeriaceae,Alstroemeria,Alstroemeria isabelleana
1077284924,Brazil,0,0,1,2007,PRESERVED_SPECIMEN,CESJ - Herbário Leopoldo Krieger,Plantae,Tracheophyta,Liliopsida,Liliales,Alstroemeriaceae,Alstroemeria,Alstroemeria isabelleana
1095337267,Brazil,0,0,2,2007,PRESERVED_SPECIMEN,ICN - Herbário do Instituto de Ciências Naturais,Plantae,Tracheophyta,Liliopsida,Liliales,Alstroemeriaceae,Alstroemeria,Alstroemeria isabelleana
1086906165,Brazil,-23.823056,-46.813333,10,2007,PRESERVED_SPECIMEN,SPSF - Herbário Dom Bento José Pickel,Plantae,Tracheophyta,Liliopsida,Liliales,Alstroemeriaceae,Alstroemeria,Alstroemeria isabelleana
1095346390,Brazil,0,0,12,2007,PRESERVED_SPECIMEN,ICN - Herbário do Instituto de Ciências Naturais,Plantae,Tracheophyta,Liliopsida,Liliales,Alstroemeriaceae,Alstroemeria,Alstroemeria isabelleana
1095242049,Brazil,,,12,2006,PRESERVED_SPECIMEN,CEN - Herbário da Embrapa Recursos Genéticos e Biotecnologia,Plantae,Tracheophyta,Liliopsida,Liliales,Alstroemeriaceae,Alstroemeria,Alstroemeria isabelleana
1086669798,Brazil,,,2,2005,PRESERVED_SPECIMEN,UPCB - Herbário do Departamento de Botânica,Plantae,Tracheophyta,Liliopsida,Liliales,Alstroemeriaceae,Alstroemeria,Alstroemeria isabelleana
1090572038,Brazil,-23.170833,-46.433333,3,2005,PRESERVED_SPECIMEN,IAC - Herbário do Instituto Agronômico de Campinas,Plantae,Tracheophyta,Liliopsida,Liliales,Alstroemeriaceae,Alstroemeria,Alstroemeria isabelleana
1095309336,Brazil,0,0,12,2005,PRESERVED_SPECIMEN,ICN - Herbário do Instituto de Ciências Naturais,Plantae,Tracheophyta,Liliopsida,Liliales,Alstroemeriaceae,Alstroemeria,Alstroemeria isabelleana
1095333663,Brazil,0,0,12,2005,PRESERVED_SPECIMEN,ICN - Herbário do Instituto de Ciências Naturais,Plantae,Tracheophyta,Liliopsida,Liliales,Alstroemeriaceae,Alstroemeria,Alstroemeria isabelleana
1077444522,Brazil,,,12,2005,PRESERVED_SPECIMEN,HAS - Herbário Alarich Rudolf Holger Schultz,Plantae,Tracheophyta,Liliopsida,Liliales,Alstroemeriaceae,Alstroemeria,Alstroemeria isabelleana
1077509886,Brazil,0,0,,2005,PRESERVED_SPECIMEN,HVAT - Herbário do Vale do Taquari,Plantae,Tracheophyta,Liliopsida,Liliales,Alstroemeriaceae,Alstroemeria,Alstroemeria isabelleana
1095315896,Brazil,0,0,1,2004,PRESERVED_SPECIMEN,ICN - Herbário do Instituto de Ciências Naturais,Plantae,Tracheophyta,Liliopsida,Liliales,Alstroemeriaceae,Alstroemeria,Alstroemeria isabelleana
1837381893,Brazil,0,0,3,2004,PRESERVED_SPECIMEN,VIC - Herbário da Universidade Federal de Viçosa,Plantae,Tracheophyta,Liliopsida,Liliales,Alstroemeriaceae,Alstroemeria,Alstroemeria isabelleana
1095609141,Brazil,0,0,10,2004,PRESERVED_SPECIMEN,MBM - Herbário do Museu Botânico Municipal,Plantae,Tracheophyta,Liliopsida,Liliales,Alstroemeriaceae,Alstroemeria,Alstroemeria isabelleana
1095610517,Brazil,0,0,12,2004,PRESERVED_SPECIMEN,MBM - Herbário do Museu Botânico Municipal,Plantae,Tracheophyta,Liliopsida,Liliales,Alstroemeriaceae,Alstroemeria,Alstroemeria isabelleana
1095610493,Brazil,0,0,12,2004,PRESERVED_SPECIMEN,MBM - Herbário do Museu Botânico Municipal,Plantae,Tracheophyta,Liliopsida,Liliales,Alstroemeriaceae,Alstroemeria,Alstroemeria isabelleana
1424197836,Brazil,,,12,2004,PRESERVED_SPECIMEN,RB - Rio de Janeiro Botanical Garden Herbarium Collection,Plantae,Tracheophyta,Liliopsida,Liliales,Alstroemeriaceae,Alstroemeria,Alstroemeria isabelleana
1090761576,Brazil,,,12,2004,PRESERVED_SPECIMEN,CGMS - Herbário da Fundação Universidade Federal de Mato Grosso do Sul,Plantae,Tracheophyta,Liliopsida,Liliales,Alstroemeriaceae,Alstroemeria,Alstroemeria isabelleana
1077442964,Brazil,,,12,2004,PRESERVED_SPECIMEN,HAS - Herbário Alarich Rudolf Holger Schultz,Plantae,Tracheophyta,Liliopsida,Liliales,Alstroemeriaceae,Alstroemeria,Alstroemeria isabelleana
1095315533,Brazil,0,0,2,2003,PRESERVED_SPECIMEN,ICN - Herbário do Instituto de Ciências Naturais,Plantae,Tracheophyta,Liliopsida,Liliales,Alstroemeriaceae,Alstroemeria,Alstroemeria isabelleana
1837382081,Brazil,0,0,12,2003,PRESERVED_SPECIMEN,VIC - Herbário da Universidade Federal de Viçosa,Plantae,Tracheophyta,Liliopsida,Liliales,Alstroemeriaceae,Alstroemeria,Alstroemeria isabelleana
1089071525,Brazil,0,0,3,2002,PRESERVED_SPECIMEN,UEC - Herbário da Universidade Estadual de Campinas,Plantae,Tracheophyta,Liliopsida,Liliales,Alstroemeriaceae,Alstroemeria,Alstroemeria isabelleana
1089070649,Brazil,0,0,4,2002,PRESERVED_SPECIMEN,UEC - Herbário da Universidade Estadual de Campinas,Plantae,Tracheophyta,Liliopsida,Liliales,Alstroemeriaceae,Alstroemeria,Alstroemeria isabelleana
1089108057,Brazil,0,0,10,2002,PRESERVED_SPECIMEN,UEC - Herbário da Universidade Estadual de Campinas,Plantae,Tracheophyta,Liliopsida,Liliales,Alstroemeriaceae,Alstroemeria,Alstroemeria isabelleana
1089110050,Brazil,0,0,10,2002,PRESERVED_SPECIMEN,UEC - Herbário da Universidade Estadual de Campinas,Plantae,Tracheophyta,Liliopsida,Liliales,Alstroemeriaceae,Alstroemeria,Alstroemeria isabelleana
1095600864,Brazil,0,0,12,2002,PRESERVED_SPECIMEN,MBM - Herbário do Museu Botânico Municipal,Plantae,Tracheophyta,Liliopsida,Liliales,Alstroemeriaceae,Alstroemeria,Alstroemeria isabelleana
1089075559,Brazil,0,0,1,2001,PRESERVED_SPECIMEN,UEC - Herbário da Universidade Estadual de Campinas,Plantae,Tracheophyta,Liliopsida,Liliales,Alstroemeriaceae,Alstroemeria,Alstroemeria isabelleana
1089067883,Brazil,0,0,10,2001,PRESERVED_SPECIMEN,UEC - Herbário da Universidade Estadual de Campinas,Plantae,Tracheophyta,Liliopsida,Liliales,Alstroemeriaceae,Alstroemeria,Alstroemeria isabelleana
1095596501,Brazil,0,0,11,2001,PRESERVED_SPECIMEN,MBM - Herbário do Museu Botânico Municipal,Plantae,Tracheophyta,Liliopsida,Liliales,Alstroemeriaceae,Alstroemeria,Alstroemeria isabelleana
1089070779,Brazil,0,0,12,2001,PRESERVED_SPECIMEN,UEC - Herbário da Universidade Estadual de Campinas,Plantae,Tracheophyta,Liliopsida,Liliales,Alstroemeriaceae,Alstroemeria,Alstroemeria isabelleana
1089110070,Brazil,0,0,1,2000,PRESERVED_SPECIMEN,UEC - Herbário da Universidade Estadual de Campinas,Plantae,Tracheophyta,Liliopsida,Liliales,Alstroemeriaceae,Alstroemeria,Alstroemeria isabelleana
1318857573,Brazil,,,1,2000,PRESERVED_SPECIMEN,NMNH Extant Biology,Plantae,Tracheophyta,Liliopsida,Liliales,Alstroemeriaceae,Alstroemeria,Alstroemeria isabelleana
1077492917,Brazil,0,0,1,2000,PRESERVED_SPECIMEN,HUCS - Herbário da Universidade de Caxias do Sul,Plantae,Tracheophyta,Liliopsida,Liliales,Alstroemeriaceae,Alstroemeria,Alstroemeria isabelleana
1424453493,Brazil,,,1,2000,PRESERVED_SPECIMEN,RB - Rio de Janeiro Botanical Garden Herbarium Collection,Plantae,Tracheophyta,Liliopsida,Liliales,Alstroemeriaceae,Alstroemeria,Alstroemeria isabelleana
1851901028,Brazil,,,1,2000,PRESERVED_SPECIMEN,"Colección de plantas vasculares de Brasil del Herbario ""Jaime Andrés Rodríguez"". LEB-Brasil",Plantae,Tracheophyta,Liliopsida,Liliales,Alstroemeriaceae,Alstroemeria,Alstroemeria isabelleana
1090606097,Brazil,-29.480833,-50.174444,2,2000,PRESERVED_SPECIMEN,MPUC - Herbário do Museu da Pontifícia Universidade Católica do Rio Grande do Sul,Plantae,Tracheophyta,Liliopsida,Liliales,Alstroemeriaceae,Alstroemeria,Alstroemeria isabelleana
1090567087,Brazil,-22.7553,-46.1447,11,2000,PRESERVED_SPECIMEN,IAC - Herbário do Instituto Agronômico de Campinas,Plantae,Tracheophyta,Liliopsida,Liliales,Alstroemeriaceae,Alstroemeria,Alstroemeria isabelleana
1089071817,Brazil,0,0,11,2000,PRESERVED_SPECIMEN,UEC - Herbário da Universidade Estadual de Campinas,Plantae,Tracheophyta,Liliopsida,Liliales,Alstroemeriaceae,Alstroemeria,Alstroemeria isabelleana
1095855965,Brazil,0,0,11,2000,PRESERVED_SPECIMEN,FUEL - Herbário da Universidade Estadual de Londrina,Plantae,Tracheophyta,Liliopsida,Liliales,Alstroemeriaceae,Alstroemeria,Alstroemeria isabelleana
1095583793,Brazil,0,0,12,2000,PRESERVED_SPECIMEN,MBM - Herbário do Museu Botânico Municipal,Plantae,Tracheophyta,Liliopsida,Liliales,Alstroemeriaceae,Alstroemeria,Alstroemeria isabelleana
1099300506,Brazil,,,12,2000,PRESERVED_SPECIMEN,HPL - Herbário do Jardim Botânico Plantarum,Plantae,Tracheophyta,Liliopsida,Liliales,Alstroemeriaceae,Alstroemeria,Alstroemeria isabelleana
1099300529,Brazil,,,12,2000,PRESERVED_SPECIMEN,HPL - Herbário do Jardim Botânico Plantarum,Plantae,Tracheophyta,Liliopsida,Liliales,Alstroemeriaceae,Alstroemeria,Alstroemeria isabelleana
1089106769,Brazil,0,0,1,1999,PRESERVED_SPECIMEN,UEC - Herbário da Universidade Estadual de Campinas,Plantae,Tracheophyta,Liliopsida,Liliales,Alstroemeriaceae,Alstroemeria,Alstroemeria isabelleana
1095302915,Brazil,0,0,12,1999,PRESERVED_SPECIMEN,ICN - Herbário do Instituto de Ciências Naturais,Plantae,Tracheophyta,Liliopsida,Liliales,Alstroemeriaceae,Alstroemeria,Alstroemeria isabelleana
1319750706,Brazil,,,2,1998,PRESERVED_SPECIMEN,NMNH Extant Biology,Plantae,Tracheophyta,Liliopsida,Liliales,Alstroemeriaceae,Alstroemeria,Alstroemeria isabelleana
188380301,Brazil,,,2,1998,PRESERVED_SPECIMEN,"Colección de plantas vasculares de Brasil del Herbario ""Jaime Andrés Rodríguez"". LEB-Brasil",Plantae,Tracheophyta,Liliopsida,Liliales,Alstroemeriaceae,Alstroemeria,Alstroemeria isabelleana
1802959127,Brazil,,,2,1998,PRESERVED_SPECIMEN,PACA-AGP - Herbarium Anchieta,Plantae,Tracheophyta,Liliopsida,Liliales,Alstroemeriaceae,Alstroemeria,Alstroemeria isabelleana
1089109696,Brazil,0,0,4,1998,PRESERVED_SPECIMEN,UEC - Herbário da Universidade Estadual de Campinas,Plantae,Tracheophyta,Liliopsida,Liliales,Alstroemeriaceae,Alstroemeria,Alstroemeria isabelleana
1089106770,Brazil,0,0,12,1998,PRESERVED_SPECIMEN,UEC - Herbário da Universidade Estadual de Campinas,Plantae,Tracheophyta,Liliopsida,Liliales,Alstroemeriaceae,Alstroemeria,Alstroemeria isabelleana
1424204037,Brazil,,,1,1997,PRESERVED_SPECIMEN,RB - Rio de Janeiro Botanical Garden Herbarium Collection,Plantae,Tracheophyta,Liliopsida,Liliales,Alstroemeriaceae,Alstroemeria,Alstroemeria isabelleana
1090782878,Brazil,0,0,10,1997,PRESERVED_SPECIMEN,HUFU - Herbarium Uberlandense,Plantae,Tracheophyta,Liliopsida,Liliales,Alstroemeriaceae,Alstroemeria,Alstroemeria isabelleana
1424204032,Brazil,-22.25,-44.566667,1,1996,PRESERVED_SPECIMEN,RB - Rio de Janeiro Botanical Garden Herbarium Collection,Plantae,Tracheophyta,Liliopsida,Liliales,Alstroemeriaceae,Alstroemeria,Alstroemeria isabelleana
1089052989,Brazil,0,0,12,1996,PRESERVED_SPECIMEN,UEC - Herbário da Universidade Estadual de Campinas,Plantae,Tracheophyta,Liliopsida,Liliales,Alstroemeriaceae,Alstroemeria,Alstroemeria isabelleana
1077349010,Brazil,,,1,1995,PRESERVED_SPECIMEN,FLOR - Herbário do Departamento de Botânica da Universidade Federal de Santa Catarina,Plantae,Tracheophyta,Liliopsida,Liliales,Alstroemeriaceae,Alstroemeria,Alstroemeria isabelleana
1503332543,Brazil,-20.65,-42.416667,1,1995,PRESERVED_SPECIMEN,RB - Rio de Janeiro Botanical Garden Herbarium Collection,Plantae,Tracheophyta,Liliopsida,Liliales,Alstroemeriaceae,Alstroemeria,Alstroemeria isabelleana
1095517204,Brazil,0,0,2,1995,PRESERVED_SPECIMEN,MBM - Herbário do Museu Botânico Municipal,Plantae,Tracheophyta,Liliopsida,Liliales,Alstroemeriaceae,Alstroemeria,Alstroemeria isabelleana
1097045229,Brazil,-28.130081,-49.482925,2,1995,PRESERVED_SPECIMEN,Vascular plants,Plantae,Tracheophyta,Liliopsida,Liliales,Alstroemeriaceae,Alstroemeria,Alstroemeria isabelleana
1424204067,Brazil,-22.25,-44.566667,2,1995,PRESERVED_SPECIMEN,RB - Rio de Janeiro Botanical Garden Herbarium Collection,Plantae,Tracheophyta,Liliopsida,Liliales,Alstroemeriaceae,Alstroemeria,Alstroemeria isabelleana
137495549,Brazil,,,2,1995,PRESERVED_SPECIMEN,"Real Jardín Botánico (Madrid), Vascular Plant Herbarium (MA)",Plantae,Tracheophyta,Liliopsida,Liliales,Alstroemeriaceae,Alstroemeria,Alstroemeria isabelleana
1094751237,Brazil,,,2,1995,PRESERVED_SPECIMEN,HUEFS - Herbario da Universidade Estadual de Feira de Santana,Plantae,Tracheophyta,Liliopsida,Liliales,Alstroemeriaceae,Alstroemeria,Alstroemeria isabelleana
1087591142,Brazil,0,0,2,1995,PRESERVED_SPECIMEN,BHCB - Herbário da Universidade Federal de Minas Gerais,Plantae,Tracheophyta,Liliopsida,Liliales,Alstroemeriaceae,Alstroemeria,Alstroemeria isabelleana
1089042618,Brazil,0,0,2,1995,PRESERVED_SPECIMEN,UEC - Herbário da Universidade Estadual de Campinas,Plantae,Tracheophyta,Liliopsida,Liliales,Alstroemeriaceae,Alstroemeria,Alstroemeria isabelleana
1089042599,Brazil,0,0,2,1995,PRESERVED_SPECIMEN,UEC - Herbário da Universidade Estadual de Campinas,Plantae,Tracheophyta,Liliopsida,Liliales,Alstroemeriaceae,Alstroemeria,Alstroemeria isabelleana
1090563287,Brazil,-22.7553,-46.1447,4,1995,PRESERVED_SPECIMEN,IAC - Herbário do Instituto Agronômico de Campinas,Plantae,Tracheophyta,Liliopsida,Liliales,Alstroemeriaceae,Alstroemeria,Alstroemeria isabelleana
1587324497,Brazil,,,4,1995,PRESERVED_SPECIMEN,CEN - Herbário da Embrapa Recursos Genéticos e Biotecnologia,Plantae,Tracheophyta,Liliopsida,Liliales,Alstroemeriaceae,Alstroemeria,Alstroemeria isabelleana
1090949496,Brazil,,,8,1995,PRESERVED_SPECIMEN,PEUFR - Herbário Professor Vasconcelos Sobrinho,Plantae,Tracheophyta,Liliopsida,Liliales,Alstroemeriaceae,Alstroemeria,Alstroemeria isabelleana
1087591002,Brazil,-20.716667,-42.483333,9,1995,PRESERVED_SPECIMEN,BHCB - Herbário da Universidade Federal de Minas Gerais,Plantae,Tracheophyta,Liliopsida,Liliales,Alstroemeriaceae,Alstroemeria,Alstroemeria isabelleana
1089035579,Brazil,-27.838333,-49.573611,12,1995,PRESERVED_SPECIMEN,UEC - Herbário da Universidade Estadual de Campinas,Plantae,Tracheophyta,Liliopsida,Liliales,Alstroemeriaceae,Alstroemeria,Alstroemeria isabelleana
1095547113,Brazil,-8e-06,-49.566667,12,1995,PRESERVED_SPECIMEN,MBM - Herbário do Museu Botânico Municipal,Plantae,Tracheophyta,Liliopsida,Liliales,Alstroemeriaceae,Alstroemeria,Alstroemeria isabelleana
1095562247,Brazil,0,0,12,1995,PRESERVED_SPECIMEN,MBM - Herbário do Museu Botânico Municipal,Plantae,Tracheophyta,Liliopsida,Liliales,Alstroemeriaceae,Alstroemeria,Alstroemeria isabelleana
1087591298,Brazil,0,0,12,1995,PRESERVED_SPECIMEN,BHCB - Herbário da Universidade Federal de Minas Gerais,Plantae,Tracheophyta,Liliopsida,Liliales,Alstroemeriaceae,Alstroemeria,Alstroemeria isabelleana
1260407199,Brazil,,,,1995,PRESERVED_SPECIMEN,Tropicos,Plantae,Tracheophyta,Liliopsida,Liliales,Alstroemeriaceae,Alstroemeria,Alstroemeria isabelleana
1089027919,Brazil,0,0,1,1994,PRESERVED_SPECIMEN,UEC - Herbário da Universidade Estadual de Campinas,Plantae,Tracheophyta,Liliopsida,Liliales,Alstroemeriaceae,Alstroemeria,Alstroemeria isabelleana
1077347783,Brazil,,,1,1994,PRESERVED_SPECIMEN,FLOR - Herbário do Departamento de Botânica da Universidade Federal de Santa Catarina,Plantae,Tracheophyta,Liliopsida,Liliales,Alstroemeriaceae,Alstroemeria,Alstroemeria isabelleana
1087590031,Brazil,0,0,1,1994,PRESERVED_SPECIMEN,BHCB - Herbário da Universidade Federal de Minas Gerais,Plantae,Tracheophyta,Liliopsida,Liliales,Alstroemeriaceae,Alstroemeria,Alstroemeria isabelleana
1089026932,Brazil,0,0,1,1994,PRESERVED_SPECIMEN,UEC - Herbário da Universidade Estadual de Campinas,Plantae,Tracheophyta,Liliopsida,Liliales,Alstroemeriaceae,Alstroemeria,Alstroemeria isabelleana
1089027925,Brazil,0,0,1,1994,PRESERVED_SPECIMEN,UEC - Herbário da Universidade Estadual de Campinas,Plantae,Tracheophyta,Liliopsida,Liliales,Alstroemeriaceae,Alstroemeria,Alstroemeria isabelleana
1086935817,Brazil,0,0,1,1994,PRESERVED_SPECIMEN,FUEL - Herbário da Universidade Estadual de Londrina,Plantae,Tracheophyta,Liliopsida,Liliales,Alstroemeriaceae,Alstroemeria,Alstroemeria isabelleana
1089026967,Brazil,0,0,1,1994,PRESERVED_SPECIMEN,UEC - Herbário da Universidade Estadual de Campinas,Plantae,Tracheophyta,Liliopsida,Liliales,Alstroemeriaceae,Alstroemeria,Alstroemeria isabelleana
1089027498,Brazil,0,0,1,1994,PRESERVED_SPECIMEN,UEC - Herbário da Universidade Estadual de Campinas,Plantae,Tracheophyta,Liliopsida,Liliales,Alstroemeriaceae,Alstroemeria,Alstroemeria isabelleana
1089027934,Brazil,0,0,1,1994,PRESERVED_SPECIMEN,UEC - Herbário da Universidade Estadual de Campinas,Plantae,Tracheophyta,Liliopsida,Liliales,Alstroemeriaceae,Alstroemeria,Alstroemeria isabelleana
1503331399,Brazil,,,3,1994,PRESERVED_SPECIMEN,RB - Rio de Janeiro Botanical Garden Herbarium Collection,Plantae,Tracheophyta,Liliopsida,Liliales,Alstroemeriaceae,Alstroemeria,Alstroemeria isabelleana
1423915277,Brazil,,,12,1994,PRESERVED_SPECIMEN,RB - Rio de Janeiro Botanical Garden Herbarium Collection,Plantae,Tracheophyta,Liliopsida,Liliales,Alstroemeriaceae,Alstroemeria,Alstroemeria isabelleana
1090557804,Brazil,-22.5872,-46.1767,12,1994,PRESERVED_SPECIMEN,IAC - Herbário do Instituto Agronômico de Campinas,Plantae,Tracheophyta,Liliopsida,Liliales,Alstroemeriaceae,Alstroemeria,Alstroemeria isabelleana
1585335725,Brazil,,,12,1994,PRESERVED_SPECIMEN,RB - Rio de Janeiro Botanical Garden Herbarium Collection,Plantae,Tracheophyta,Liliopsida,Liliales,Alstroemeriaceae,Alstroemeria,Alstroemeria isabelleana
1090773750,Brazil,0,0,12,1994,PRESERVED_SPECIMEN,HUFU - Herbarium Uberlandense,Plantae,Tracheophyta,Liliopsida,Liliales,Alstroemeriaceae,Alstroemeria,Alstroemeria isabelleana
1089023069,Brazil,0,0,1,1993,PRESERVED_SPECIMEN,UEC - Herbário da Universidade Estadual de Campinas,Plantae,Tracheophyta,Liliopsida,Liliales,Alstroemeriaceae,Alstroemeria,Alstroemeria isabelleana
1077269244,Brazil,0,0,10,1993,PRESERVED_SPECIMEN,CESJ - Herbário Leopoldo Krieger,Plantae,Tracheophyta,Liliopsida,Liliales,Alstroemeriaceae,Alstroemeria,Alstroemeria isabelleana
1089030368,Brazil,0,0,12,1993,PRESERVED_SPECIMEN,UEC - Herbário da Universidade Estadual de Campinas,Plantae,Tracheophyta,Liliopsida,Liliales,Alstroemeriaceae,Alstroemeria,Alstroemeria isabelleana
1077348142,Brazil,,,11,1991,PRESERVED_SPECIMEN,FLOR - Herbário do Departamento de Botânica da Universidade Federal de Santa Catarina,Plantae,Tracheophyta,Liliopsida,Liliales,Alstroemeriaceae,Alstroemeria,Alstroemeria isabelleana
1086627832,Brazil,,,11,1991,PRESERVED_SPECIMEN,UPCB - Herbário do Departamento de Botânica,Plantae,Tracheophyta,Liliopsida,Liliales,Alstroemeriaceae,Alstroemeria,Alstroemeria isabelleana
1094732135,Brazil,,,11,1991,PRESERVED_SPECIMEN,HUEFS - Herbario da Universidade Estadual de Feira de Santana,Plantae,Tracheophyta,Liliopsida,Liliales,Alstroemeriaceae,Alstroemeria,Alstroemeria isabelleana
1095495809,Brazil,0,0,11,1991,PRESERVED_SPECIMEN,MBM - Herbário do Museu Botânico Municipal,Plantae,Tracheophyta,Liliopsida,Liliales,Alstroemeriaceae,Alstroemeria,Alstroemeria isabelleana
1089025927,Brazil,0,0,11,1991,PRESERVED_SPECIMEN,UEC - Herbário da Universidade Estadual de Campinas,Plantae,Tracheophyta,Liliopsida,Liliales,Alstroemeriaceae,Alstroemeria,Alstroemeria isabelleana
1135837059,Brazil,,,1,1990,PRESERVED_SPECIMEN,ESA - Herbário da Escola Superior de Agricultura Luiz de Queiroz,Plantae,Tracheophyta,Liliopsida,Liliales,Alstroemeriaceae,Alstroemeria,Alstroemeria isabelleana
1089043327,Brazil,0,0,1,1990,PRESERVED_SPECIMEN,UEC - Herbário da Universidade Estadual de Campinas,Plantae,Tracheophyta,Liliopsida,Liliales,Alstroemeriaceae,Alstroemeria,Alstroemeria isabelleana
1424197837,Brazil,,,4,1989,PRESERVED_SPECIMEN,RB - Rio de Janeiro Botanical Garden Herbarium Collection,Plantae,Tracheophyta,Liliopsida,Liliales,Alstroemeriaceae,Alstroemeria,Alstroemeria isabelleana
1087578227,Brazil,0,0,9,1989,PRESERVED_SPECIMEN,BHCB - Herbário da Universidade Federal de Minas Gerais,Plantae,Tracheophyta,Liliopsida,Liliales,Alstroemeriaceae,Alstroemeria,Alstroemeria isabelleana
1089023390,Brazil,0,0,12,1989,PRESERVED_SPECIMEN,UEC - Herbário da Universidade Estadual de Campinas,Plantae,Tracheophyta,Liliopsida,Liliales,Alstroemeriaceae,Alstroemeria,Alstroemeria isabelleana
1077450879,Brazil,,,2,1987,PRESERVED_SPECIMEN,HAS - Herbário Alarich Rudolf Holger Schultz,Plantae,Tracheophyta,Liliopsida,Liliales,Alstroemeriaceae,Alstroemeria,Alstroemeria isabelleana
1077450884,Brazil,,,2,1987,PRESERVED_SPECIMEN,HAS - Herbário Alarich Rudolf Holger Schultz,Plantae,Tracheophyta,Liliopsida,Liliales,Alstroemeriaceae,Alstroemeria,Alstroemeria isabelleana
1095289389,Brazil,0,0,12,1987,PRESERVED_SPECIMEN,ICN - Herbário do Instituto de Ciências Naturais,Plantae,Tracheophyta,Liliopsida,Liliales,Alstroemeriaceae,Alstroemeria,Alstroemeria isabelleana
1077450900,Brazil,,,2,1986,PRESERVED_SPECIMEN,HAS - Herbário Alarich Rudolf Holger Schultz,Plantae,Tracheophyta,Liliopsida,Liliales,Alstroemeriaceae,Alstroemeria,Alstroemeria isabelleana
1077335290,Brazil,,,1,1985,PRESERVED_SPECIMEN,FLOR - Herbário do Departamento de Botânica da Universidade Federal de Santa Catarina,Plantae,Tracheophyta,Liliopsida,Liliales,Alstroemeriaceae,Alstroemeria,Alstroemeria isabelleana
1077450897,Brazil,,,10,1984,PRESERVED_SPECIMEN,HAS - Herbário Alarich Rudolf Holger Schultz,Plantae,Tracheophyta,Liliopsida,Liliales,Alstroemeriaceae,Alstroemeria,Alstroemeria isabelleana
1077450893,Brazil,,,12,1984,PRESERVED_SPECIMEN,HAS - Herbário Alarich Rudolf Holger Schultz,Plantae,Tracheophyta,Liliopsida,Liliales,Alstroemeriaceae,Alstroemeria,Alstroemeria isabelleana
1089042913,Brazil,-23.633333,-45.883333,4,1983,PRESERVED_SPECIMEN,UEC - Herbário da Universidade Estadual de Campinas,Plantae,Tracheophyta,Liliopsida,Liliales,Alstroemeriaceae,Alstroemeria,Alstroemeria isabelleana
1089042886,Brazil,-23.633333,-45.866667,10,1983,PRESERVED_SPECIMEN,UEC - Herbário da Universidade Estadual de Campinas,Plantae,Tracheophyta,Liliopsida,Liliales,Alstroemeriaceae,Alstroemeria,Alstroemeria isabelleana
1086879331,Brazil,,,10,1983,PRESERVED_SPECIMEN,SPSF - Herbário Dom Bento José Pickel,Plantae,Tracheophyta,Liliopsida,Liliales,Alstroemeriaceae,Alstroemeria,Alstroemeria isabelleana
1086879342,Brazil,,,12,1983,PRESERVED_SPECIMEN,SPSF - Herbário Dom Bento José Pickel,Plantae,Tracheophyta,Liliopsida,Liliales,Alstroemeriaceae,Alstroemeria,Alstroemeria isabelleana
1089042885,Brazil,-23.65,-45.883333,12,1983,PRESERVED_SPECIMEN,UEC - Herbário da Universidade Estadual de Campinas,Plantae,Tracheophyta,Liliopsida,Liliales,Alstroemeriaceae,Alstroemeria,Alstroemeria isabelleana
1086884780,Brazil,,,2,1982,PRESERVED_SPECIMEN,SPSF - Herbário Dom Bento José Pickel,Plantae,Tracheophyta,Liliopsida,Liliales,Alstroemeriaceae,Alstroemeria,Alstroemeria isabelleana
1095436713,Brazil,0,0,3,1982,PRESERVED_SPECIMEN,MBM - Herbário do Museu Botânico Municipal,Plantae,Tracheophyta,Liliopsida,Liliales,Alstroemeriaceae,Alstroemeria,Alstroemeria isabelleana
1095286161,Brazil,0,0,11,1982,PRESERVED_SPECIMEN,ICN - Herbário do Instituto de Ciências Naturais,Plantae,Tracheophyta,Liliopsida,Liliales,Alstroemeriaceae,Alstroemeria,Alstroemeria isabelleana
1089002998,Brazil,0,0,11,1982,PRESERVED_SPECIMEN,UEC - Herbário da Universidade Estadual de Campinas,Plantae,Tracheophyta,Liliopsida,Liliales,Alstroemeriaceae,Alstroemeria,Alstroemeria isabelleana
1095285281,Brazil,0,0,4,1981,PRESERVED_SPECIMEN,ICN - Herbário do Instituto de Ciências Naturais,Plantae,Tracheophyta,Liliopsida,Liliales,Alstroemeriaceae,Alstroemeria,Alstroemeria isabelleana
1424197877,Brazil,-22.716667,-45.45,2,1980,PRESERVED_SPECIMEN,RB - Rio de Janeiro Botanical Garden Herbarium Collection,Plantae,Tracheophyta,Liliopsida,Liliales,Alstroemeriaceae,Alstroemeria,Alstroemeria isabelleana
1094725400,Brazil,-22.716667,-45.45,2,1980,PRESERVED_SPECIMEN,HUEFS - Herbario da Universidade Estadual de Feira de Santana,Plantae,Tracheophyta,Liliopsida,Liliales,Alstroemeriaceae,Alstroemeria,Alstroemeria isabelleana
1088998535,Brazil,0,0,11,1980,PRESERVED_SPECIMEN,UEC - Herbário da Universidade Estadual de Campinas,Plantae,Tracheophyta,Liliopsida,Liliales,Alstroemeriaceae,Alstroemeria,Alstroemeria isabelleana
1260404487,Brazil,,,11,1980,PRESERVED_SPECIMEN,Tropicos,Plantae,Tracheophyta,Liliopsida,Liliales,Alstroemeriaceae,Alstroemeria,Alstroemeria isabelleana
1095432024,Brazil,0,0,11,1980,PRESERVED_SPECIMEN,MBM - Herbário do Museu Botânico Municipal,Plantae,Tracheophyta,Liliopsida,Liliales,Alstroemeriaceae,Alstroemeria,Alstroemeria isabelleana
1424197901,Brazil,-16.066667,-50.166667,3,1978,PRESERVED_SPECIMEN,RB - Rio de Janeiro Botanical Garden Herbarium Collection,Plantae,Tracheophyta,Liliopsida,Liliales,Alstroemeriaceae,Alstroemeria,Alstroemeria isabelleana
1077450871,Brazil,,,12,1977,PRESERVED_SPECIMEN,HAS - Herbário Alarich Rudolf Holger Schultz,Plantae,Tracheophyta,Liliopsida,Liliales,Alstroemeriaceae,Alstroemeria,Alstroemeria isabelleana
1095413369,Brazil,0,0,2,1976,PRESERVED_SPECIMEN,MBM - Herbário do Museu Botânico Municipal,Plantae,Tracheophyta,Liliopsida,Liliales,Alstroemeriaceae,Alstroemeria,Alstroemeria isabelleana
1095322077,Brazil,0,0,1,1975,PRESERVED_SPECIMEN,ICN - Herbário do Instituto de Ciências Naturais,Plantae,Tracheophyta,Liliopsida,Liliales,Alstroemeriaceae,Alstroemeria,Alstroemeria isabelleana
1890641010,Brazil,,,7,1972,PRESERVED_SPECIMEN,R - Herbário do Museu Nacional,Plantae,Tracheophyta,Liliopsida,Liliales,Alstroemeriaceae,Alstroemeria,Alstroemeria isabelleana
1095277869,Brazil,0,0,11,1972,PRESERVED_SPECIMEN,ICN - Herbário do Instituto de Ciências Naturais,Plantae,Tracheophyta,Liliopsida,Liliales,Alstroemeriaceae,Alstroemeria,Alstroemeria isabelleana
1260404689,Brazil,,,3,1971,PRESERVED_SPECIMEN,Tropicos,Plantae,Tracheophyta,Liliopsida,Liliales,Alstroemeriaceae,Alstroemeria,Alstroemeria isabelleana
1319576711,Brazil,,,7,1971,PRESERVED_SPECIMEN,NMNH Extant Biology,Plantae,Tracheophyta,Liliopsida,Liliales,Alstroemeriaceae,Alstroemeria,Alstroemeria isabelleana
1077430047,Brazil,,,11,1971,PRESERVED_SPECIMEN,HAS - Herbário Alarich Rudolf Holger Schultz,Plantae,Tracheophyta,Liliopsida,Liliales,Alstroemeriaceae,Alstroemeria,Alstroemeria isabelleana
1095274141,Brazil,0,0,11,1971,PRESERVED_SPECIMEN,ICN - Herbário do Instituto de Ciências Naturais,Plantae,Tracheophyta,Liliopsida,Liliales,Alstroemeriaceae,Alstroemeria,Alstroemeria isabelleana
1424197857,Brazil,,,12,1971,PRESERVED_SPECIMEN,RB - Rio de Janeiro Botanical Garden Herbarium Collection,Plantae,Tracheophyta,Liliopsida,Liliales,Alstroemeriaceae,Alstroemeria,Alstroemeria isabelleana
1097329366,Brazil,-25.87828367071434,-50.383477036251264,12,1971,PRESERVED_SPECIMEN,Vascular plants,Plantae,Tracheophyta,Liliopsida,Liliales,Alstroemeriaceae,Alstroemeria,Alstroemeria isabelleana
1096730838,Brazil,,,12,1971,PRESERVED_SPECIMEN,,Plantae,Tracheophyta,Liliopsida,Liliales,Alstroemeriaceae,Alstroemeria,Alstroemeria isabelleana
1095388655,Brazil,0,0,12,1971,PRESERVED_SPECIMEN,MBM - Herbário do Museu Botânico Municipal,Plantae,Tracheophyta,Liliopsida,Liliales,Alstroemeriaceae,Alstroemeria,Alstroemeria isabelleana
1095388619,Brazil,0,0,12,1971,PRESERVED_SPECIMEN,MBM - Herbário do Museu Botânico Municipal,Plantae,Tracheophyta,Liliopsida,Liliales,Alstroemeriaceae,Alstroemeria,Alstroemeria isabelleana
1088992003,Brazil,0,0,12,1971,PRESERVED_SPECIMEN,UEC - Herbário da Universidade Estadual de Campinas,Plantae,Tracheophyta,Liliopsida,Liliales,Alstroemeriaceae,Alstroemeria,Alstroemeria isabelleana
1096730829,Brazil,,,12,1971,PRESERVED_SPECIMEN,,Plantae,Tracheophyta,Liliopsida,Liliales,Alstroemeriaceae,Alstroemeria,Alstroemeria isabelleana
1890641015,Brazil,,,,1971,PRESERVED_SPECIMEN,R - Herbário do Museu Nacional,Plantae,Tracheophyta,Liliopsida,Liliales,Alstroemeriaceae,Alstroemeria,Alstroemeria isabelleana
1095381911,Brazil,0,0,12,1969,PRESERVED_SPECIMEN,MBM - Herbário do Museu Botânico Municipal,Plantae,Tracheophyta,Liliopsida,Liliales,Alstroemeriaceae,Alstroemeria,Alstroemeria isabelleana
1095322052,Brazil,0,0,1,1966,PRESERVED_SPECIMEN,ICN - Herbário do Instituto de Ciências Naturais,Plantae,Tracheophyta,Liliopsida,Liliales,Alstroemeriaceae,Alstroemeria,Alstroemeria isabelleana
1095373701,Brazil,0,0,12,1966,PRESERVED_SPECIMEN,MBM - Herbário do Museu Botânico Municipal,Plantae,Tracheophyta,Liliopsida,Liliales,Alstroemeriaceae,Alstroemeria,Alstroemeria isabelleana
1140532705,Brazil,,,12,1966,PRESERVED_SPECIMEN,,Plantae,Tracheophyta,Liliopsida,Liliales,Alstroemeriaceae,Alstroemeria,Alstroemeria isabelleana
1139449917,Brazil,,,12,1966,PRESERVED_SPECIMEN,,Plantae,Tracheophyta,Liliopsida,Liliales,Alstroemeriaceae,Alstroemeria,Alstroemeria isabelleana
1095380566,Brazil,0,0,12,1966,PRESERVED_SPECIMEN,MBM - Herbário do Museu Botânico Municipal,Plantae,Tracheophyta,Liliopsida,Liliales,Alstroemeriaceae,Alstroemeria,Alstroemeria isabelleana
1321390215,Brazil,,,1,1965,PRESERVED_SPECIMEN,NMNH Extant Biology,Plantae,Tracheophyta,Liliopsida,Liliales,Alstroemeriaceae,Alstroemeria,Alstroemeria isabelleana
1095272746,Brazil,0,0,7,1965,PRESERVED_SPECIMEN,ICN - Herbário do Instituto de Ciências Naturais,Plantae,Tracheophyta,Liliopsida,Liliales,Alstroemeriaceae,Alstroemeria,Alstroemeria isabelleana
1095322050,Brazil,0,0,6,1964,PRESERVED_SPECIMEN,ICN - Herbário do Instituto de Ciências Naturais,Plantae,Tracheophyta,Liliopsida,Liliales,Alstroemeriaceae,Alstroemeria,Alstroemeria isabelleana
1260403517,Brazil,-27.16666,-53.76666,10,1964,PRESERVED_SPECIMEN,Tropicos,Plantae,Tracheophyta,Liliopsida,Liliales,Alstroemeriaceae,Alstroemeria,Alstroemeria isabelleana
1322111711,Brazil,,,10,1964,PRESERVED_SPECIMEN,NMNH Extant Biology,Plantae,Tracheophyta,Liliopsida,Liliales,Alstroemeriaceae,Alstroemeria,Alstroemeria isabelleana
1890641032,Brazil,,,10,1964,PRESERVED_SPECIMEN,R - Herbário do Museu Nacional,Plantae,Tracheophyta,Liliopsida,Liliales,Alstroemeriaceae,Alstroemeria,Alstroemeria isabelleana
1324596677,Brazil,,,10,1964,PRESERVED_SPECIMEN,HCF - Herbário da Universidade Tecnológica Federal do Paraná Campus Campo Mourão,Plantae,Tracheophyta,Liliopsida,Liliales,Alstroemeriaceae,Alstroemeria,Alstroemeria isabelleana
1095385919,Brazil,0,0,10,1964,PRESERVED_SPECIMEN,MBM - Herbário do Museu Botânico Municipal,Plantae,Tracheophyta,Liliopsida,Liliales,Alstroemeriaceae,Alstroemeria,Alstroemeria isabelleana
1094734791,Brazil,,,10,1964,PRESERVED_SPECIMEN,HUEFS - Herbario da Universidade Estadual de Feira de Santana,Plantae,Tracheophyta,Liliopsida,Liliales,Alstroemeriaceae,Alstroemeria,Alstroemeria isabelleana
1318666646,Brazil,,,12,1964,PRESERVED_SPECIMEN,NMNH Extant Biology,Plantae,Tracheophyta,Liliopsida,Liliales,Alstroemeriaceae,Alstroemeria,Alstroemeria isabelleana
1077486019,Brazil,0,0,1,1963,PRESERVED_SPECIMEN,HUCS - Herbário da Universidade de Caxias do Sul,Plantae,Tracheophyta,Liliopsida,Liliales,Alstroemeriaceae,Alstroemeria,Alstroemeria isabelleana
1802928701,Brazil,,,1,1963,PRESERVED_SPECIMEN,PACA-AGP - Herbarium Anchieta,Plantae,Tracheophyta,Liliopsida,Liliales,Alstroemeriaceae,Alstroemeria,Alstroemeria isabelleana
1077252137,Brazil,0,0,2,1962,PRESERVED_SPECIMEN,CESJ - Herbário Leopoldo Krieger,Plantae,Tracheophyta,Liliopsida,Liliales,Alstroemeriaceae,Alstroemeria,Alstroemeria isabelleana
1095272136,Brazil,0,0,11,1958,PRESERVED_SPECIMEN,ICN - Herbário do Instituto de Ciências Naturais,Plantae,Tracheophyta,Liliopsida,Liliales,Alstroemeriaceae,Alstroemeria,Alstroemeria isabelleana
1097371519,Brazil,-28.29811656758785,-49.932359570041164,12,1958,PRESERVED_SPECIMEN,Vascular plants,Plantae,Tracheophyta,Liliopsida,Liliales,Alstroemeriaceae,Alstroemeria,Alstroemeria isabelleana
1802919893,Brazil,,,1,1957,PRESERVED_SPECIMEN,PACA-AGP - Herbarium Anchieta,Plantae,Tracheophyta,Liliopsida,Liliales,Alstroemeriaceae,Alstroemeria,Alstroemeria isabelleana
1321530403,Brazil,,,1,1957,PRESERVED_SPECIMEN,NMNH Extant Biology,Plantae,Tracheophyta,Liliopsida,Liliales,Alstroemeriaceae,Alstroemeria,Alstroemeria isabelleana
1321112371,Brazil,,,1,1957,PRESERVED_SPECIMEN,NMNH Extant Biology,Plantae,Tracheophyta,Liliopsida,Liliales,Alstroemeriaceae,Alstroemeria,Alstroemeria isabelleana
1802919888,Brazil,,,1,1957,PRESERVED_SPECIMEN,PACA-AGP - Herbarium Anchieta,Plantae,Tracheophyta,Liliopsida,Liliales,Alstroemeriaceae,Alstroemeria,Alstroemeria isabelleana
1890641050,Brazil,,,1,1957,PRESERVED_SPECIMEN,R - Herbário do Museu Nacional,Plantae,Tracheophyta,Liliopsida,Liliales,Alstroemeriaceae,Alstroemeria,Alstroemeria isabelleana
1318174006,Brazil,,,1,1957,PRESERVED_SPECIMEN,NMNH Extant Biology,Plantae,Tracheophyta,Liliopsida,Liliales,Alstroemeriaceae,Alstroemeria,Alstroemeria isabelleana
1321003842,Brazil,,,2,1957,PRESERVED_SPECIMEN,NMNH Extant Biology,Plantae,Tracheophyta,Liliopsida,Liliales,Alstroemeriaceae,Alstroemeria,Alstroemeria isabelleana
1098276636,Brazil,-27.619513999277974,-48.627762785746846,10,1957,PRESERVED_SPECIMEN,Vascular plants,Plantae,Tracheophyta,Liliopsida,Liliales,Alstroemeriaceae,Alstroemeria,Alstroemeria isabelleana
1802921130,Brazil,,,11,1957,PRESERVED_SPECIMEN,PACA-AGP - Herbarium Anchieta,Plantae,Tracheophyta,Liliopsida,Liliales,Alstroemeriaceae,Alstroemeria,Alstroemeria isabelleana
1802919610,Brazil,,,12,1957,PRESERVED_SPECIMEN,PACA-AGP - Herbarium Anchieta,Plantae,Tracheophyta,Liliopsida,Liliales,Alstroemeriaceae,Alstroemeria,Alstroemeria isabelleana
1090692501,Brazil,,,2,1956,PRESERVED_SPECIMEN,HRCB - Herbário Rioclarense,Plantae,Tracheophyta,Liliopsida,Liliales,Alstroemeriaceae,Alstroemeria,Alstroemeria isabelleana
1802920906,Brazil,,,2,1956,PRESERVED_SPECIMEN,PACA-AGP - Herbarium Anchieta,Plantae,Tracheophyta,Liliopsida,Liliales,Alstroemeriaceae,Alstroemeria,Alstroemeria isabelleana
1318698455,Brazil,,,11,1956,PRESERVED_SPECIMEN,NMNH Extant Biology,Plantae,Tracheophyta,Liliopsida,Liliales,Alstroemeriaceae,Alstroemeria,Alstroemeria isabelleana
1890640268,Brazil,,,11,1956,PRESERVED_SPECIMEN,R - Herbário do Museu Nacional,Plantae,Tracheophyta,Liliopsida,Liliales,Alstroemeriaceae,Alstroemeria,Alstroemeria isabelleana
1096730826,Brazil,,,11,1956,PRESERVED_SPECIMEN,,Plantae,Tracheophyta,Liliopsida,Liliales,Alstroemeriaceae,Alstroemeria,Alstroemeria isabelleana
1089042861,Brazil,0,0,12,1956,PRESERVED_SPECIMEN,UEC - Herbário da Universidade Estadual de Campinas,Plantae,Tracheophyta,Liliopsida,Liliales,Alstroemeriaceae,Alstroemeria,Alstroemeria isabelleana
1890641680,Brazil,,,12,1956,PRESERVED_SPECIMEN,R - Herbário do Museu Nacional,Plantae,Tracheophyta,Liliopsida,Liliales,Alstroemeriaceae,Alstroemeria,Alstroemeria isabelleana
1318392997,Brazil,,,12,1956,PRESERVED_SPECIMEN,NMNH Extant Biology,Plantae,Tracheophyta,Liliopsida,Liliales,Alstroemeriaceae,Alstroemeria,Alstroemeria isabelleana
1802916427,Brazil,,,2,1955,PRESERVED_SPECIMEN,PACA-AGP - Herbarium Anchieta,Plantae,Tracheophyta,Liliopsida,Liliales,Alstroemeriaceae,Alstroemeria,Alstroemeria isabelleana
1802923417,Brazil,,,11,1955,PRESERVED_SPECIMEN,PACA-AGP - Herbarium Anchieta,Plantae,Tracheophyta,Liliopsida,Liliales,Alstroemeriaceae,Alstroemeria,Alstroemeria isabelleana
1077450883,Brazil,,,12,1955,PRESERVED_SPECIMEN,HAS - Herbário Alarich Rudolf Holger Schultz,Plantae,Tracheophyta,Liliopsida,Liliales,Alstroemeriaceae,Alstroemeria,Alstroemeria isabelleana
1096730832,Brazil,,,2,1953,PRESERVED_SPECIMEN,,Plantae,Tracheophyta,Liliopsida,Liliales,Alstroemeriaceae,Alstroemeria,Alstroemeria isabelleana
1890640119,Brazil,,,2,1952,PRESERVED_SPECIMEN,R - Herbário do Museu Nacional,Plantae,Tracheophyta,Liliopsida,Liliales,Alstroemeriaceae,Alstroemeria,Alstroemeria isabelleana
1320973624,Brazil,,,2,1952,PRESERVED_SPECIMEN,NMNH Extant Biology,Plantae,Tracheophyta,Liliopsida,Liliales,Alstroemeriaceae,Alstroemeria,Alstroemeria isabelleana
1802911691,Brazil,,,12,1951,PRESERVED_SPECIMEN,PACA-AGP - Herbarium Anchieta,Plantae,Tracheophyta,Liliopsida,Liliales,Alstroemeriaceae,Alstroemeria,Alstroemeria isabelleana
1260403741,Brazil,,,,1951,PRESERVED_SPECIMEN,Tropicos,Plantae,Tracheophyta,Liliopsida,Liliales,Alstroemeriaceae,Alstroemeria,Alstroemeria isabelleana
1890641674,Brazil,,,1,1950,PRESERVED_SPECIMEN,R - Herbário do Museu Nacional,Plantae,Tracheophyta,Liliopsida,Liliales,Alstroemeriaceae,Alstroemeria,Alstroemeria isabelleana
1802910479,Brazil,,,1,1950,PRESERVED_SPECIMEN,PACA-AGP - Herbarium Anchieta,Plantae,Tracheophyta,Liliopsida,Liliales,Alstroemeriaceae,Alstroemeria,Alstroemeria isabelleana
1139698914,Brazil,,,1,1950,PRESERVED_SPECIMEN,,Plantae,Tracheophyta,Liliopsida,Liliales,Alstroemeriaceae,Alstroemeria,Alstroemeria isabelleana
1802905886,Brazil,,,1,1950,PRESERVED_SPECIMEN,PACA-AGP - Herbarium Anchieta,Plantae,Tracheophyta,Liliopsida,Liliales,Alstroemeriaceae,Alstroemeria,Alstroemeria isabelleana
1802906028,Brazil,,,1,1950,PRESERVED_SPECIMEN,PACA-AGP - Herbarium Anchieta,Plantae,Tracheophyta,Liliopsida,Liliales,Alstroemeriaceae,Alstroemeria,Alstroemeria isabelleana
1424197813,Brazil,,,3,1950,PRESERVED_SPECIMEN,RB - Rio de Janeiro Botanical Garden Herbarium Collection,Plantae,Tracheophyta,Liliopsida,Liliales,Alstroemeriaceae,Alstroemeria,Alstroemeria isabelleana
1802958700,Brazil,,,10,1950,PRESERVED_SPECIMEN,PACA-AGP - Herbarium Anchieta,Plantae,Tracheophyta,Liliopsida,Liliales,Alstroemeriaceae,Alstroemeria,Alstroemeria isabelleana
1424197911,Brazil,,,5,1949,PRESERVED_SPECIMEN,RB - Rio de Janeiro Botanical Garden Herbarium Collection,Plantae,Tracheophyta,Liliopsida,Liliales,Alstroemeriaceae,Alstroemeria,Alstroemeria isabelleana
1802905393,Brazil,,,12,1949,PRESERVED_SPECIMEN,PACA-AGP - Herbarium Anchieta,Plantae,Tracheophyta,Liliopsida,Liliales,Alstroemeriaceae,Alstroemeria,Alstroemeria isabelleana
1802897841,Brazil,,,2,1948,PRESERVED_SPECIMEN,PACA-AGP - Herbarium Anchieta,Plantae,Tracheophyta,Liliopsida,Liliales,Alstroemeriaceae,Alstroemeria,Alstroemeria isabelleana
1424197943,Brazil,,,2,1948,PRESERVED_SPECIMEN,RB - Rio de Janeiro Botanical Garden Herbarium Collection,Plantae,Tracheophyta,Liliopsida,Liliales,Alstroemeriaceae,Alstroemeria,Alstroemeria isabelleana
1802898349,Brazil,,,2,1948,PRESERVED_SPECIMEN,PACA-AGP - Herbarium Anchieta,Plantae,Tracheophyta,Liliopsida,Liliales,Alstroemeriaceae,Alstroemeria,Alstroemeria isabelleana
1424197755,Brazil,,,2,1948,PRESERVED_SPECIMEN,RB - Rio de Janeiro Botanical Garden Herbarium Collection,Plantae,Tracheophyta,Liliopsida,Liliales,Alstroemeriaceae,Alstroemeria,Alstroemeria isabelleana
1890639678,Brazil,,,12,1948,PRESERVED_SPECIMEN,R - Herbário do Museu Nacional,Plantae,Tracheophyta,Liliopsida,Liliales,Alstroemeriaceae,Alstroemeria,Alstroemeria isabelleana
1802910835,Brazil,,,12,1948,PRESERVED_SPECIMEN,PACA-AGP - Herbarium Anchieta,Plantae,Tracheophyta,Liliopsida,Liliales,Alstroemeriaceae,Alstroemeria,Alstroemeria isabelleana
1802899796,Brazil,,,12,1948,PRESERVED_SPECIMEN,PACA-AGP - Herbarium Anchieta,Plantae,Tracheophyta,Liliopsida,Liliales,Alstroemeriaceae,Alstroemeria,Alstroemeria isabelleana
1322533111,Brazil,,,12,1948,PRESERVED_SPECIMEN,NMNH Extant Biology,Plantae,Tracheophyta,Liliopsida,Liliales,Alstroemeriaceae,Alstroemeria,Alstroemeria isabelleana
1802896085,Brazil,,,1,1947,PRESERVED_SPECIMEN,PACA-AGP - Herbarium Anchieta,Plantae,Tracheophyta,Liliopsida,Liliales,Alstroemeriaceae,Alstroemeria,Alstroemeria isabelleana
1424197830,Brazil,,,1,1947,PRESERVED_SPECIMEN,RB - Rio de Janeiro Botanical Garden Herbarium Collection,Plantae,Tracheophyta,Liliopsida,Liliales,Alstroemeriaceae,Alstroemeria,Alstroemeria isabelleana
1096730816,Brazil,,,1,1947,PRESERVED_SPECIMEN,,Plantae,Tracheophyta,Liliopsida,Liliales,Alstroemeriaceae,Alstroemeria,Alstroemeria isabelleana
1802897139,Brazil,,,2,1947,PRESERVED_SPECIMEN,PACA-AGP - Herbarium Anchieta,Plantae,Tracheophyta,Liliopsida,Liliales,Alstroemeriaceae,Alstroemeria,Alstroemeria isabelleana
1890641023,Brazil,,,11,1947,PRESERVED_SPECIMEN,R - Herbário do Museu Nacional,Plantae,Tracheophyta,Liliopsida,Liliales,Alstroemeriaceae,Alstroemeria,Alstroemeria isabelleana
1802894710,Brazil,,,1,1946,PRESERVED_SPECIMEN,PACA-AGP - Herbarium Anchieta,Plantae,Tracheophyta,Liliopsida,Liliales,Alstroemeriaceae,Alstroemeria,Alstroemeria isabelleana
1802894753,Brazil,,,2,1946,PRESERVED_SPECIMEN,PACA-AGP - Herbarium Anchieta,Plantae,Tracheophyta,Liliopsida,Liliales,Alstroemeriaceae,Alstroemeria,Alstroemeria isabelleana
1802896611,Brazil,,,11,1946,PRESERVED_SPECIMEN,PACA-AGP - Herbarium Anchieta,Plantae,Tracheophyta,Liliopsida,Liliales,Alstroemeriaceae,Alstroemeria,Alstroemeria isabelleana
1096730836,Brazil,,,11,1946,PRESERVED_SPECIMEN,,Plantae,Tracheophyta,Liliopsida,Liliales,Alstroemeriaceae,Alstroemeria,Alstroemeria isabelleana
1802897057,Brazil,,,12,1946,PRESERVED_SPECIMEN,PACA-AGP - Herbarium Anchieta,Plantae,Tracheophyta,Liliopsida,Liliales,Alstroemeriaceae,Alstroemeria,Alstroemeria isabelleana
1802925341,Brazil,,,12,1946,PRESERVED_SPECIMEN,PACA-AGP - Herbarium Anchieta,Plantae,Tracheophyta,Liliopsida,Liliales,Alstroemeriaceae,Alstroemeria,Alstroemeria isabelleana
1802896944,Brazil,,,12,1946,PRESERVED_SPECIMEN,PACA-AGP - Herbarium Anchieta,Plantae,Tracheophyta,Liliopsida,Liliales,Alstroemeriaceae,Alstroemeria,Alstroemeria isabelleana
1424197868,Brazil,,,2,1945,PRESERVED_SPECIMEN,RB - Rio de Janeiro Botanical Garden Herbarium Collection,Plantae,Tracheophyta,Liliopsida,Liliales,Alstroemeriaceae,Alstroemeria,Alstroemeria isabelleana
1802890273,Brazil,,,3,1945,PRESERVED_SPECIMEN,PACA-AGP - Herbarium Anchieta,Plantae,Tracheophyta,Liliopsida,Liliales,Alstroemeriaceae,Alstroemeria,Alstroemeria isabelleana
1424197870,Brazil,,,11,1944,PRESERVED_SPECIMEN,RB - Rio de Janeiro Botanical Garden Herbarium Collection,Plantae,Tracheophyta,Liliopsida,Liliales,Alstroemeriaceae,Alstroemeria,Alstroemeria isabelleana
1802886386,Brazil,,,1,1943,PRESERVED_SPECIMEN,PACA-AGP - Herbarium Anchieta,Plantae,Tracheophyta,Liliopsida,Liliales,Alstroemeriaceae,Alstroemeria,Alstroemeria isabelleana
1802886227,Brazil,,,1,1942,PRESERVED_SPECIMEN,PACA-AGP - Herbarium Anchieta,Plantae,Tracheophyta,Liliopsida,Liliales,Alstroemeriaceae,Alstroemeria,Alstroemeria isabelleana
1802884945,Brazil,,,1,1942,PRESERVED_SPECIMEN,PACA-AGP - Herbarium Anchieta,Plantae,Tracheophyta,Liliopsida,Liliales,Alstroemeriaceae,Alstroemeria,Alstroemeria isabelleana
1802884740,Brazil,,,1,1942,PRESERVED_SPECIMEN,PACA-AGP - Herbarium Anchieta,Plantae,Tracheophyta,Liliopsida,Liliales,Alstroemeriaceae,Alstroemeria,Alstroemeria isabelleana
1802881173,Brazil,,,2,1941,PRESERVED_SPECIMEN,PACA-AGP - Herbarium Anchieta,Plantae,Tracheophyta,Liliopsida,Liliales,Alstroemeriaceae,Alstroemeria,Alstroemeria isabelleana
1097877401,Brazil,-22.49995142343933,-44.563361321876705,11,1938,PRESERVED_SPECIMEN,Vascular plants,Plantae,Tracheophyta,Liliopsida,Liliales,Alstroemeriaceae,Alstroemeria,Alstroemeria isabelleana
1424197841,Brazil,,,11,1938,PRESERVED_SPECIMEN,RB - Rio de Janeiro Botanical Garden Herbarium Collection,Plantae,Tracheophyta,Liliopsida,Liliales,Alstroemeriaceae,Alstroemeria,Alstroemeria isabelleana
1424197892,Brazil,,,2,1937,PRESERVED_SPECIMEN,RB - Rio de Janeiro Botanical Garden Herbarium Collection,Plantae,Tracheophyta,Liliopsida,Liliales,Alstroemeriaceae,Alstroemeria,Alstroemeria isabelleana
1424197824,Brazil,,,2,1937,PRESERVED_SPECIMEN,RB - Rio de Janeiro Botanical Garden Herbarium Collection,Plantae,Tracheophyta,Liliopsida,Liliales,Alstroemeriaceae,Alstroemeria,Alstroemeria isabelleana
1097104371,Brazil,-22.73385330019406,-45.5903324447049,2,1937,PRESERVED_SPECIMEN,Vascular plants,Plantae,Tracheophyta,Liliopsida,Liliales,Alstroemeriaceae,Alstroemeria,Alstroemeria isabelleana
1424197772,Brazil,,,2,1937,PRESERVED_SPECIMEN,RB - Rio de Janeiro Botanical Garden Herbarium Collection,Plantae,Tracheophyta,Liliopsida,Liliales,Alstroemeriaceae,Alstroemeria,Alstroemeria isabelleana
1424197848,Brazil,,,2,1937,PRESERVED_SPECIMEN,RB - Rio de Janeiro Botanical Garden Herbarium Collection,Plantae,Tracheophyta,Liliopsida,Liliales,Alstroemeriaceae,Alstroemeria,Alstroemeria isabelleana
1098202953,Brazil,-22.73385330019406,-45.5903324447049,2,1937,PRESERVED_SPECIMEN,Vascular plants,Plantae,Tracheophyta,Liliopsida,Liliales,Alstroemeriaceae,Alstroemeria,Alstroemeria isabelleana
1424197899,Brazil,,,2,1937,PRESERVED_SPECIMEN,RB - Rio de Janeiro Botanical Garden Herbarium Collection,Plantae,Tracheophyta,Liliopsida,Liliales,Alstroemeriaceae,Alstroemeria,Alstroemeria isabelleana
1829085406,Brazil,0,0,,1937,PRESERVED_SPECIMEN,"OUPR - Herbário ""Professor José Badini""",Plantae,Tracheophyta,Liliopsida,Liliales,Alstroemeriaceae,Alstroemeria,Alstroemeria isabelleana
1424197906,Brazil,,,2,1936,PRESERVED_SPECIMEN,RB - Rio de Janeiro Botanical Garden Herbarium Collection,Plantae,Tracheophyta,Liliopsida,Liliales,Alstroemeriaceae,Alstroemeria,Alstroemeria isabelleana
1424197923,Brazil,,,1,1935,PRESERVED_SPECIMEN,RB - Rio de Janeiro Botanical Garden Herbarium Collection,Plantae,Tracheophyta,Liliopsida,Liliales,Alstroemeriaceae,Alstroemeria,Alstroemeria isabelleana
1424197831,Brazil,,,1,1935,PRESERVED_SPECIMEN,RB - Rio de Janeiro Botanical Garden Herbarium Collection,Plantae,Tracheophyta,Liliopsida,Liliales,Alstroemeriaceae,Alstroemeria,Alstroemeria isabelleana
1837381580,Brazil,0,0,4,1935,PRESERVED_SPECIMEN,VIC - Herbário da Universidade Federal de Viçosa,Plantae,Tracheophyta,Liliopsida,Liliales,Alstroemeriaceae,Alstroemeria,Alstroemeria isabelleana
1802895372,Brazil,,,12,1935,PRESERVED_SPECIMEN,PACA-AGP - Herbarium Anchieta,Plantae,Tracheophyta,Liliopsida,Liliales,Alstroemeriaceae,Alstroemeria,Alstroemeria isabelleana
1424197808,Brazil,,,12,1935,PRESERVED_SPECIMEN,RB - Rio de Janeiro Botanical Garden Herbarium Collection,Plantae,Tracheophyta,Liliopsida,Liliales,Alstroemeriaceae,Alstroemeria,Alstroemeria isabelleana
1802879225,Brazil,,,12,1935,PRESERVED_SPECIMEN,PACA-AGP - Herbarium Anchieta,Plantae,Tracheophyta,Liliopsida,Liliales,Alstroemeriaceae,Alstroemeria,Alstroemeria isabelleana
1424197987,Brazil,,,12,1934,PRESERVED_SPECIMEN,RB - Rio de Janeiro Botanical Garden Herbarium Collection,Plantae,Tracheophyta,Liliopsida,Liliales,Alstroemeriaceae,Alstroemeria,Alstroemeria isabelleana
1098006974,Brazil,-20.753455,-42.478219,2,1930,PRESERVED_SPECIMEN,Vascular plants,Plantae,Tracheophyta,Liliopsida,Liliales,Alstroemeriaceae,Alstroemeria,Alstroemeria isabelleana
1260404914,Brazil,,,2,1930,PRESERVED_SPECIMEN,Tropicos,Plantae,Tracheophyta,Liliopsida,Liliales,Alstroemeriaceae,Alstroemeria,Alstroemeria isabelleana
1890640357,Brazil,,,2,1921,PRESERVED_SPECIMEN,R - Herbário do Museu Nacional,Plantae,Tracheophyta,Liliopsida,Liliales,Alstroemeriaceae,Alstroemeria,Alstroemeria isabelleana
1424197809,Brazil,,,4,1921,PRESERVED_SPECIMEN,RB - Rio de Janeiro Botanical Garden Herbarium Collection,Plantae,Tracheophyta,Liliopsida,Liliales,Alstroemeriaceae,Alstroemeria,Alstroemeria isabelleana
1424197924,Brazil,,,4,1921,PRESERVED_SPECIMEN,RB - Rio de Janeiro Botanical Garden Herbarium Collection,Plantae,Tracheophyta,Liliopsida,Liliales,Alstroemeriaceae,Alstroemeria,Alstroemeria isabelleana
1087269839,Brazil,0,0,11,1918,PRESERVED_SPECIMEN,"SP - Herbário do Estado ""Maria Eneyda P. Kaufmann Fidalgo"" - Coleção de Fanerógamas",Plantae,Tracheophyta,Liliopsida,Liliales,Alstroemeriaceae,Alstroemeria,Alstroemeria isabelleana
1087268743,Brazil,0,0,11,1917,PRESERVED_SPECIMEN,"SP - Herbário do Estado ""Maria Eneyda P. Kaufmann Fidalgo"" - Coleção de Fanerógamas",Plantae,Tracheophyta,Liliopsida,Liliales,Alstroemeriaceae,Alstroemeria,Alstroemeria isabelleana
1090616902,Brazil,0,0,11,1917,PRESERVED_SPECIMEN,SPF - Herbário da Universidade de São Paulo,Plantae,Tracheophyta,Liliopsida,Liliales,Alstroemeriaceae,Alstroemeria,Alstroemeria isabelleana
1097583341,Brazil,-23.565521,-46.724373,12,1917,PRESERVED_SPECIMEN,Vascular plants,Plantae,Tracheophyta,Liliopsida,Liliales,Alstroemeriaceae,Alstroemeria,Alstroemeria isabelleana
1087268830,Brazil,0,0,12,1917,PRESERVED_SPECIMEN,"SP - Herbário do Estado ""Maria Eneyda P. Kaufmann Fidalgo"" - Coleção de Fanerógamas",Plantae,Tracheophyta,Liliopsida,Liliales,Alstroemeriaceae,Alstroemeria,Alstroemeria isabelleana
1424197861,Brazil,,,12,1915,PRESERVED_SPECIMEN,RB - Rio de Janeiro Botanical Garden Herbarium Collection,Plantae,Tracheophyta,Liliopsida,Liliales,Alstroemeriaceae,Alstroemeria,Alstroemeria isabelleana
1424197883,Brazil,,,12,1915,PRESERVED_SPECIMEN,RB - Rio de Janeiro Botanical Garden Herbarium Collection,Plantae,Tracheophyta,Liliopsida,Liliales,Alstroemeriaceae,Alstroemeria,Alstroemeria isabelleana
1096730747,Brazil,,,2,1912,PRESERVED_SPECIMEN,,Plantae,Tracheophyta,Liliopsida,Liliales,Alstroemeriaceae,Alstroemeria,Alstroemeria isabelleana
1096730732,Brazil,,,10,1909,PRESERVED_SPECIMEN,,Plantae,Tracheophyta,Liliopsida,Liliales,Alstroemeriaceae,Alstroemeria,Alstroemeria isabelleana
1096730742,Brazil,,,12,1908,PRESERVED_SPECIMEN,,Plantae,Tracheophyta,Liliopsida,Liliales,Alstroemeriaceae,Alstroemeria,Alstroemeria isabelleana
1802883876,Brazil,,,,1907,PRESERVED_SPECIMEN,PACA-AGP - Herbarium Anchieta,Plantae,Tracheophyta,Liliopsida,Liliales,Alstroemeriaceae,Alstroemeria,Alstroemeria isabelleana
1890639233,Brazil,,,11,1903,PRESERVED_SPECIMEN,R - Herbário do Museu Nacional,Plantae,Tracheophyta,Liliopsida,Liliales,Alstroemeriaceae,Alstroemeria,Alstroemeria isabelleana
1096730737,Brazil,,,2,1902,PRESERVED_SPECIMEN,,Plantae,Tracheophyta,Liliopsida,Liliales,Alstroemeriaceae,Alstroemeria,Alstroemeria isabelleana
1890639229,Brazil,,,6,1902,PRESERVED_SPECIMEN,R - Herbário do Museu Nacional,Plantae,Tracheophyta,Liliopsida,Liliales,Alstroemeriaceae,Alstroemeria,Alstroemeria isabelleana
1890639222,Brazil,,,6,1902,PRESERVED_SPECIMEN,R - Herbário do Museu Nacional,Plantae,Tracheophyta,Liliopsida,Liliales,Alstroemeriaceae,Alstroemeria,Alstroemeria isabelleana
874714863,Brazil,-22.92389,-47.07611,,1902,PRESERVED_SPECIMEN,,Plantae,Tracheophyta,Liliopsida,Liliales,Alstroemeriaceae,Alstroemeria,Alstroemeria isabelleana
874714952,Brazil,-22.92389,-47.07611,,1902,PRESERVED_SPECIMEN,,Plantae,Tracheophyta,Liliopsida,Liliales,Alstroemeriaceae,Alstroemeria,Alstroemeria isabelleana
874714970,Brazil,-22.92389,-47.07611,,1902,PRESERVED_SPECIMEN,,Plantae,Tracheophyta,Liliopsida,Liliales,Alstroemeriaceae,Alstroemeria,Alstroemeria isabelleana
1096730823,Brazil,,,12,1901,PRESERVED_SPECIMEN,,Plantae,Tracheophyta,Liliopsida,Liliales,Alstroemeriaceae,Alstroemeria,Alstroemeria isabelleana
1890639200,Brazil,,,1,1896,PRESERVED_SPECIMEN,R - Herbário do Museu Nacional,Plantae,Tracheophyta,Liliopsida,Liliales,Alstroemeriaceae,Alstroemeria,Alstroemeria isabelleana
1087272433,Brazil,0,0,1,1895,PRESERVED_SPECIMEN,"SP - Herbário do Estado ""Maria Eneyda P. Kaufmann Fidalgo"" - Coleção de Fanerógamas",Plantae,Tracheophyta,Liliopsida,Liliales,Alstroemeriaceae,Alstroemeria,Alstroemeria isabelleana
1087272447,Brazil,0,0,4,1894,PRESERVED_SPECIMEN,"SP - Herbário do Estado ""Maria Eneyda P. Kaufmann Fidalgo"" - Coleção de Fanerógamas",Plantae,Tracheophyta,Liliopsida,Liliales,Alstroemeriaceae,Alstroemeria,Alstroemeria isabelleana
1890638918,Brazil,,,1,1893,PRESERVED_SPECIMEN,R - Herbário do Museu Nacional,Plantae,Tracheophyta,Liliopsida,Liliales,Alstroemeriaceae,Alstroemeria,Alstroemeria isabelleana
1096730740,Brazil,,,1,1893,PRESERVED_SPECIMEN,,Plantae,Tracheophyta,Liliopsida,Liliales,Alstroemeriaceae,Alstroemeria,Alstroemeria isabelleana
1096731165,Brazil,,,1,1893,PRESERVED_SPECIMEN,,Plantae,Tracheophyta,Liliopsida,Liliales,Alstroemeriaceae,Alstroemeria,Alstroemeria isabelleana
1096730831,Brazil,,,1,1893,PRESERVED_SPECIMEN,,Plantae,Tracheophyta,Liliopsida,Liliales,Alstroemeriaceae,Alstroemeria,Alstroemeria isabelleana
1096731150,Brazil,,,1,1893,PRESERVED_SPECIMEN,,Plantae,Tracheophyta,Liliopsida,Liliales,Alstroemeriaceae,Alstroemeria,Alstroemeria isabelleana
1097644592,Brazil,0,0,1,1889,PRESERVED_SPECIMEN,Vascular plants,Plantae,Tracheophyta,Liliopsida,Liliales,Alstroemeriaceae,Alstroemeria,Alstroemeria isabelleana
439259008,Brazil,,,1,1887,PRESERVED_SPECIMEN,,Plantae,Tracheophyta,Liliopsida,Liliales,Alstroemeriaceae,Alstroemeria,Alstroemeria isabelleana
439614368,Brazil,,,1,1887,PRESERVED_SPECIMEN,,Plantae,Tracheophyta,Liliopsida,Liliales,Alstroemeriaceae,Alstroemeria,Alstroemeria isabelleana
437588777,Brazil,,,1,1887,PRESERVED_SPECIMEN,,Plantae,Tracheophyta,Liliopsida,Liliales,Alstroemeriaceae,Alstroemeria,Alstroemeria isabelleana
1096730834,Brazil,,,3,1875,PRESERVED_SPECIMEN,,Plantae,Tracheophyta,Liliopsida,Liliales,Alstroemeriaceae,Alstroemeria,Alstroemeria isabelleana
1321389893,Brazil,,,9,1874,PRESERVED_SPECIMEN,NMNH Extant Biology,Plantae,Tracheophyta,Liliopsida,Liliales,Alstroemeriaceae,Alstroemeria,Alstroemeria isabelleana
1096351954,Brazil,,,11,1874,PRESERVED_SPECIMEN,,Plantae,Tracheophyta,Liliopsida,Liliales,Alstroemeriaceae,Alstroemeria,Alstroemeria isabelleana
1096730819,Brazil,,,11,1874,PRESERVED_SPECIMEN,,Plantae,Tracheophyta,Liliopsida,Liliales,Alstroemeriaceae,Alstroemeria,Alstroemeria isabelleana
1096731904,Brazil,,,11,1874,PRESERVED_SPECIMEN,,Plantae,Tracheophyta,Liliopsida,Liliales,Alstroemeriaceae,Alstroemeria,Alstroemeria isabelleana
437588776,Brazil,,,1,1873,PRESERVED_SPECIMEN,,Plantae,Tracheophyta,Liliopsida,Liliales,Alstroemeriaceae,Alstroemeria,Alstroemeria isabelleana
1318066996,Brazil,,,1,1873,PRESERVED_SPECIMEN,NMNH Extant Biology,Plantae,Tracheophyta,Liliopsida,Liliales,Alstroemeriaceae,Alstroemeria,Alstroemeria isabelleana
437260761,Brazil,,,6,1871,PRESERVED_SPECIMEN,,Plantae,Tracheophyta,Liliopsida,Liliales,Alstroemeriaceae,Alstroemeria,Alstroemeria isabelleana
437926254,Brazil,,,6,1871,PRESERVED_SPECIMEN,,Plantae,Tracheophyta,Liliopsida,Liliales,Alstroemeriaceae,Alstroemeria,Alstroemeria isabelleana
1320958333,Brazil,,,6,1869,PRESERVED_SPECIMEN,NMNH Extant Biology,Plantae,Tracheophyta,Liliopsida,Liliales,Alstroemeriaceae,Alstroemeria,Alstroemeria isabelleana
1319695860,Brazil,,,3,1868,PRESERVED_SPECIMEN,NMNH Extant Biology,Plantae,Tracheophyta,Liliopsida,Liliales,Alstroemeriaceae,Alstroemeria,Alstroemeria isabelleana
1321696967,Brazil,,,1,1866,PRESERVED_SPECIMEN,NMNH Extant Biology,Plantae,Tracheophyta,Liliopsida,Liliales,Alstroemeriaceae,Alstroemeria,Alstroemeria isabelleana
1321316964,Brazil,,,1,1866,PRESERVED_SPECIMEN,NMNH Extant Biology,Plantae,Tracheophyta,Liliopsida,Liliales,Alstroemeriaceae,Alstroemeria,Alstroemeria isabelleana
1317808616,Brazil,,,2,1866,PRESERVED_SPECIMEN,NMNH Extant Biology,Plantae,Tracheophyta,Liliopsida,Liliales,Alstroemeriaceae,Alstroemeria,Alstroemeria isabelleana
1096730817,Brazil,,,2,1849,PRESERVED_SPECIMEN,,Plantae,Tracheophyta,Liliopsida,Liliales,Alstroemeriaceae,Alstroemeria,Alstroemeria isabelleana
437921689,Brazil,,,1,1844,PRESERVED_SPECIMEN,,Plantae,Tracheophyta,Liliopsida,Liliales,Alstroemeriaceae,Alstroemeria,Alstroemeria isabelleana
438254620,Brazil,,,1,1835,PRESERVED_SPECIMEN,,Plantae,Tracheophyta,Liliopsida,Liliales,Alstroemeriaceae,Alstroemeria,Alstroemeria isabelleana
1260404215,Brazil,,,,1817,PRESERVED_SPECIMEN,Tropicos,Plantae,Tracheophyta,Liliopsida,Liliales,Alstroemeriaceae,Alstroemeria,Alstroemeria isabelleana
438948055,Brazil,,,1,1816,PRESERVED_SPECIMEN,,Plantae,Tracheophyta,Liliopsida,Liliales,Alstroemeriaceae,Alstroemeria,Alstroemeria isabelleana
437948563,Brazil,,,1,1816,PRESERVED_SPECIMEN,,Plantae,Tracheophyta,Liliopsida,Liliales,Alstroemeriaceae,Alstroemeria,Alstroemeria isabelleana
437926263,Brazil,,,1,1816,PRESERVED_SPECIMEN,,Plantae,Tracheophyta,Liliopsida,Liliales,Alstroemeriaceae,Alstroemeria,Alstroemeria isabelleana
437926253,Brazil,,,1,1816,PRESERVED_SPECIMEN,,Plantae,Tracheophyta,Liliopsida,Liliales,Alstroemeriaceae,Alstroemeria,Alstroemeria isabelleana
438591964,Brazil,,,1,1816,PRESERVED_SPECIMEN,,Plantae,Tracheophyta,Liliopsida,Liliales,Alstroemeriaceae,Alstroemeria,Alstroemeria isabelleana
438920965,Brazil,,,1,1816,PRESERVED_SPECIMEN,,Plantae,Tracheophyta,Liliopsida,Liliales,Alstroemeriaceae,Alstroemeria,Alstroemeria isabelleana
1260404319,Brazil,,,,1814,PRESERVED_SPECIMEN,Tropicos,Plantae,Tracheophyta,Liliopsida,Liliales,Alstroemeriaceae,Alstroemeria,Alstroemeria isabelleana
1228542154,Brazil,-10.8339,-52.8731,,,PRESERVED_SPECIMEN,,Plantae,Tracheophyta,Liliopsida,Liliales,Alstroemeriaceae,Alstroemeria,Alstroemeria isabelleana
1095308809,Brazil,0,0,,,PRESERVED_SPECIMEN,ICN - Herbário do Instituto de Ciências Naturais,Plantae,Tracheophyta,Liliopsida,Liliales,Alstroemeriaceae,Alstroemeria,Alstroemeria isabelleana
1837381474,Brazil,0,0,,,PRESERVED_SPECIMEN,VIC - Herbário da Universidade Federal de Viçosa,Plantae,Tracheophyta,Liliopsida,Liliales,Alstroemeriaceae,Alstroemeria,Alstroemeria isabelleana
437457076,Brazil,,,,,PRESERVED_SPECIMEN,,Plantae,Tracheophyta,Liliopsida,Liliales,Alstroemeriaceae,Alstroemeria,Alstroemeria isabelleana
1095292300,Brazil,0,0,,,PRESERVED_SPECIMEN,ICN - Herbário do Instituto de Ciências Naturais,Plantae,Tracheophyta,Liliopsida,Liliales,Alstroemeriaceae,Alstroemeria,Alstroemeria isabelleana
1095294459,Brazil,0,0,,,PRESERVED_SPECIMEN,ICN - Herbário do Instituto de Ciências Naturais,Plantae,Tracheophyta,Liliopsida,Liliales,Alstroemeriaceae,Alstroemeria,Alstroemeria isabelleana
416840524,Brazil,,,,,PRESERVED_SPECIMEN,,Plantae,Tracheophyta,Liliopsida,Liliales,Alstroemeriaceae,Alstroemeria,Alstroemeria isabelleana
1503335973,Brazil,,,,,PRESERVED_SPECIMEN,,Plantae,Tracheophyta,Liliopsida,Liliales,Alstroemeriaceae,Alstroemeria,Alstroemeria isabelleana
438788534,Brazil,,,,,PRESERVED_SPECIMEN,,Plantae,Tracheophyta,Liliopsida,Liliales,Alstroemeriaceae,Alstroemeria,Alstroemeria isabelleana
1095322056,Brazil,0,0,,,PRESERVED_SPECIMEN,ICN - Herbário do Instituto de Ciências Naturais,Plantae,Tracheophyta,Liliopsida,Liliales,Alstroemeriaceae,Alstroemeria,Alstroemeria isabelleana
1095294468,Brazil,0,0,,,PRESERVED_SPECIMEN,ICN - Herbário do Instituto de Ciências Naturais,Plantae,Tracheophyta,Liliopsida,Liliales,Alstroemeriaceae,Alstroemeria,Alstroemeria isabelleana
1095349188,Brazil,0,0,,,PRESERVED_SPECIMEN,ICN - Herbário do Instituto de Ciências Naturais,Plantae,Tracheophyta,Liliopsida,Liliales,Alstroemeriaceae,Alstroemeria,Alstroemeria isabelleana
1440659301,Brazil,,,,,PRESERVED_SPECIMEN,RB - Rio de Janeiro Botanical Garden Herbarium Collection,Plantae,Tracheophyta,Liliopsida,Liliales,Alstroemeriaceae,Alstroemeria,Alstroemeria isabelleana
1503335976,Brazil,,,,,PRESERVED_SPECIMEN,,Plantae,Tracheophyta,Liliopsida,Liliales,Alstroemeriaceae,Alstroemeria,Alstroemeria isabelleana
1424197797,Brazil,,,,,PRESERVED_SPECIMEN,RB - Rio de Janeiro Botanical Garden Herbarium Collection,Plantae,Tracheophyta,Liliopsida,Liliales,Alstroemeriaceae,Alstroemeria,Alstroemeria isabelleana
1260406770,Brazil,,,,,PRESERVED_SPECIMEN,Tropicos,Plantae,Tracheophyta,Liliopsida,Liliales,Alstroemeriaceae,Alstroemeria,Alstroemeria isabelleana
438920966,Brazil,,,,,PRESERVED_SPECIMEN,,Plantae,Tracheophyta,Liliopsida,Liliales,Alstroemeriaceae,Alstroemeria,Alstroemeria isabelleana
912335739,Brazil,,,,,PRESERVED_SPECIMEN,,Plantae,Tracheophyta,Liliopsida,Liliales,Alstroemeriaceae,Alstroemeria,Alstroemeria isabelleana
438254619,Brazil,,,,,PRESERVED_SPECIMEN,,Plantae,Tracheophyta,Liliopsida,Liliales,Alstroemeriaceae,Alstroemeria,Alstroemeria isabelleana
1077504097,Brazil,0,0,,,PRESERVED_SPECIMEN,HUCS - Herbário da Universidade de Caxias do Sul,Plantae,Tracheophyta,Liliopsida,Liliales,Alstroemeriaceae,Alstroemeria,Alstroemeria isabelleana
1440659247,Brazil,,,,,PRESERVED_SPECIMEN,RB - Rio de Janeiro Botanical Garden Herbarium Collection,Plantae,Tracheophyta,Liliopsida,Liliales,Alstroemeriaceae,Alstroemeria,Alstroemeria isabelleana
