class,country,datasetName,decimalLatitude,decimalLongitude,family,genus,kingdom,month,order,phylum,recordedBy,scientificName,species,specificEpithet,year
Magnoliopsida,Brazil,MBM - Herbário do Museu Botânico Municipal,-29.885,-50.270556,Acanthaceae,Justicia,Plantae,2.0,Lamiales,Tracheophyta,"Demeda, C",Justicia laevilinguis Lindau,Justicia laevilinguis,laevilinguis,2016.0
Magnoliopsida,Brazil,CGMS - Herbário da Fundação Universidade Federal de Mato Grosso do Sul,-21.381861,-56.574611,Acanthaceae,Justicia,Plantae,10.0,Lamiales,Tracheophyta,V.J. Pott,Justicia laevilinguis Lindau,Justicia laevilinguis,laevilinguis,2016.0
Magnoliopsida,Brazil,CGMS - Herbário da Fundação Universidade Federal de Mato Grosso do Sul,-21.392128,-56.610778,Acanthaceae,Justicia,Plantae,10.0,Lamiales,Tracheophyta,V.J. Pott,Justicia laevilinguis Lindau,Justicia laevilinguis,laevilinguis,2016.0
Magnoliopsida,Brazil,HUCS - Herbário da Universidade de Caxias do Sul,-29.885056,-50.270472,Acanthaceae,Justicia,Plantae,4.0,Lamiales,Tracheophyta,"Demeda, C.",Justicia laevilinguis Lindau,Justicia laevilinguis,laevilinguis,2015.0
Magnoliopsida,Brazil,FURB - Herbário Dr. Roberto Miguel Klein,-29.885,-50.270556,Acanthaceae,Justicia,Plantae,4.0,Lamiales,Tracheophyta,"Demeda, C.",Justicia laevilinguis Lindau,Justicia laevilinguis,laevilinguis,2015.0
Magnoliopsida,Brazil,ICN - Herbário do Instituto de Ciências Naturais,-29.629167,-55.532778,Acanthaceae,Justicia,Plantae,1.0,Lamiales,Tracheophyta,"Silva Filho, PJS; Borges, R",Justicia laevilinguis Lindau,Justicia laevilinguis,laevilinguis,2014.0
Magnoliopsida,Brazil,HURB - Herbário do Recôncavo da Bahia,-6.256944,-35.214167,Acanthaceae,Justicia,Plantae,8.0,Lamiales,Tracheophyta,"Roque, A.A.",Justicia laevilinguis Lindau,Justicia laevilinguis,laevilinguis,2014.0
Magnoliopsida,Brazil,HURB - Herbário do Recôncavo da Bahia,,,Acanthaceae,Justicia,Plantae,9.0,Lamiales,Tracheophyta,"Sousa,N.X.M.",Justicia laevilinguis Lindau,Justicia laevilinguis,laevilinguis,2014.0
Magnoliopsida,Brazil,CGMS - Herbário da Fundação Universidade Federal de Mato Grosso do Sul,-19.604494,-57.030697,Acanthaceae,Justicia,Plantae,11.0,Lamiales,Tracheophyta,C.S. Souza,Justicia laevilinguis Lindau,Justicia laevilinguis,laevilinguis,2014.0
Magnoliopsida,Brazil,HURB - Herbário do Recôncavo da Bahia,-12.428889,-38.919167,Acanthaceae,Justicia,Plantae,11.0,Lamiales,Tracheophyta,"Aona, L.Y.S.",Justicia laevilinguis Lindau,Justicia laevilinguis,laevilinguis,2014.0
Magnoliopsida,Brazil,CGMS - Herbário da Fundação Universidade Federal de Mato Grosso do Sul,-19.489222,-57.028111,Acanthaceae,Justicia,Plantae,12.0,Lamiales,Tracheophyta,M. Rocha,Justicia laevilinguis Lindau,Justicia laevilinguis,laevilinguis,2014.0
Magnoliopsida,Brazil,CGMS - Herbário da Fundação Universidade Federal de Mato Grosso do Sul,-19.596706,-57.059881,Acanthaceae,Justicia,Plantae,7.0,Lamiales,Tracheophyta,E.B. Souza,Justicia laevilinguis Lindau,Justicia laevilinguis,laevilinguis,2013.0
Magnoliopsida,Brazil,CGMS - Herbário da Fundação Universidade Federal de Mato Grosso do Sul,-19.588142,-57.061694,Acanthaceae,Justicia,Plantae,7.0,Lamiales,Tracheophyta,E.B. Souza,Justicia laevilinguis Lindau,Justicia laevilinguis,laevilinguis,2013.0
Magnoliopsida,Brazil,BOTU - Herbário Irina Delanova Gemtchújnicov,-30.053056,-50.225556,Acanthaceae,Justicia,Plantae,3.0,Lamiales,Tracheophyta,"Gonzatti, F.",Justicia laevilinguis Lindau,Justicia laevilinguis,laevilinguis,2012.0
Magnoliopsida,Brazil,EAC - Herbário Prisco Bezerra,-30.053056,-50.225556,Acanthaceae,Justicia,Plantae,3.0,Lamiales,Tracheophyta,"Gonzatti, F.",Justicia laevilinguis Lindau,Justicia laevilinguis,laevilinguis,2012.0
Magnoliopsida,Brazil,HUCS - Herbário da Universidade de Caxias do Sul,-30.053056,-50.225556,Acanthaceae,Justicia,Plantae,3.0,Lamiales,Tracheophyta,"Gonzatti, F.",Justicia laevilinguis Lindau,Justicia laevilinguis,laevilinguis,2012.0
Magnoliopsida,Brazil,VIC - Herbário da Universidade Federal de Viçosa,0.0,0.0,Acanthaceae,Justicia,Plantae,3.0,Lamiales,Tracheophyta,"Gonzatti, F.",Justicia laevilinguis Lindau,Justicia laevilinguis,laevilinguis,2012.0
Magnoliopsida,Brazil,HURB - Herbário do Recôncavo da Bahia,,,Acanthaceae,Justicia,Plantae,9.0,Lamiales,Tracheophyta,"Costa, G.; Conceição, S.F; Sales, R.",Justicia laevilinguis Lindau,Justicia laevilinguis,laevilinguis,2012.0
Magnoliopsida,Brazil,RB - Rio de Janeiro Botanical Garden Herbarium Collection,,,Acanthaceae,Justicia,Plantae,9.0,Lamiales,Tracheophyta,G. Costa; S.F. Conceição & S.F. Sales,Justicia laevilinguis Lindau,Justicia laevilinguis,laevilinguis,2012.0
Magnoliopsida,Brazil,CGMS - Herbário da Fundação Universidade Federal de Mato Grosso do Sul,-20.963639,-56.707,Acanthaceae,Justicia,Plantae,10.0,Lamiales,Tracheophyta,M.O. Córdova,Justicia laevilinguis Lindau,Justicia laevilinguis,laevilinguis,2012.0
Magnoliopsida,Brazil,CGMS - Herbário da Fundação Universidade Federal de Mato Grosso do Sul,-22.229278,-54.831389,Acanthaceae,Justicia,Plantae,2.0,Lamiales,Tracheophyta,G.S.V. Duarte,Justicia laevilinguis Lindau,Justicia laevilinguis,laevilinguis,2011.0
Magnoliopsida,Brazil,CGMS - Herbário da Fundação Universidade Federal de Mato Grosso do Sul,-19.462008,-57.420414,Acanthaceae,Justicia,Plantae,2.0,Lamiales,Tracheophyta,M. Rocha,Justicia laevilinguis Lindau,Justicia laevilinguis,laevilinguis,2011.0
Magnoliopsida,Brazil,CGMS - Herbário da Fundação Universidade Federal de Mato Grosso do Sul,-20.227722,-52.085611,Acanthaceae,Justicia,Plantae,2.0,Lamiales,Tracheophyta,V.J. Pott,Justicia laevilinguis Lindau,Justicia laevilinguis,laevilinguis,2011.0
Magnoliopsida,Brazil,CGMS - Herbário da Fundação Universidade Federal de Mato Grosso do Sul,-19.462008,-57.420414,Acanthaceae,Justicia,Plantae,2.0,Lamiales,Tracheophyta,M. Rocha,Justicia laevilinguis Lindau,Justicia laevilinguis,laevilinguis,2011.0
Magnoliopsida,Brazil,CGMS - Herbário da Fundação Universidade Federal de Mato Grosso do Sul,-19.576444,-57.016667,Acanthaceae,Justicia,Plantae,6.0,Lamiales,Tracheophyta,V.C. Soares,Justicia laevilinguis Lindau,Justicia laevilinguis,laevilinguis,2011.0
Magnoliopsida,Brazil,ICN - Herbário do Instituto de Ciências Naturais,-29.885833,-50.250556,Acanthaceae,Justicia,Plantae,3.0,Lamiales,Tracheophyta,"Trevisan, R",Justicia laevilinguis Lindau,Justicia laevilinguis,laevilinguis,2010.0
Magnoliopsida,Brazil,UB - Herbário da Universidade de Brasília,-22.043333,-57.846667,Acanthaceae,Justicia,Plantae,3.0,Lamiales,Tracheophyta,"Francener, A; Damasceno Júnior, GA; Andrade, MD; Padilha, DR",Justicia laevilinguis Lindau,Justicia laevilinguis,laevilinguis,2010.0
Magnoliopsida,Brazil,EAC - Herbário Prisco Bezerra,-6.480083,-39.237639,Acanthaceae,Justicia,Plantae,5.0,Lamiales,Tracheophyta,"Normando, L.R.O.",Justicia laevilinguis Lindau,Justicia laevilinguis,laevilinguis,2010.0
Magnoliopsida,Brazil,HURB - Herbário do Recôncavo da Bahia,,,Acanthaceae,Justicia,Plantae,10.0,Lamiales,Tracheophyta,"Aona,L.Y.S.; Pereira, M.; Paixão, T.",Justicia laevilinguis Lindau,Justicia laevilinguis,laevilinguis,2010.0
Magnoliopsida,Brazil,CGMS - Herbário da Fundação Universidade Federal de Mato Grosso do Sul,-18.586306,-57.536833,Acanthaceae,Justicia,Plantae,11.0,Lamiales,Tracheophyta,T.E. Lima,Justicia laevilinguis Lindau,Justicia laevilinguis,laevilinguis,2010.0
Magnoliopsida,Brazil,CGMS - Herbário da Fundação Universidade Federal de Mato Grosso do Sul,-18.198722,-57.502917,Acanthaceae,Justicia,Plantae,11.0,Lamiales,Tracheophyta,T.H. Stefanello,Justicia laevilinguis Lindau,Justicia laevilinguis,laevilinguis,2010.0
Magnoliopsida,Brazil,ICN - Herbário do Instituto de Ciências Naturais,0.0,0.0,Acanthaceae,Justicia,Plantae,12.0,Lamiales,Tracheophyta,"Grings, M",Justicia laevilinguis Lindau,Justicia laevilinguis,laevilinguis,2010.0
Magnoliopsida,Brazil,Vascular plants,,,Acanthaceae,Justicia,Plantae,2.0,Lamiales,Tracheophyta,B. A. Sorrie,Justicia laevilinguis Lindau,Justicia laevilinguis,laevilinguis,2009.0
Magnoliopsida,Brazil,CGMS - Herbário da Fundação Universidade Federal de Mato Grosso do Sul,,,Acanthaceae,Justicia,Plantae,4.0,Lamiales,Tracheophyta,R. Barbieri,Justicia laevilinguis Lindau,Justicia laevilinguis,laevilinguis,2009.0
Magnoliopsida,Brazil,CGMS - Herbário da Fundação Universidade Federal de Mato Grosso do Sul,-18.576306,-57.561111,Acanthaceae,Justicia,Plantae,6.0,Lamiales,Tracheophyta,B.E.M. Pinto,Justicia laevilinguis Lindau,Justicia laevilinguis,laevilinguis,2009.0
Magnoliopsida,Brazil,CGMS - Herbário da Fundação Universidade Federal de Mato Grosso do Sul,-18.023917,-57.476111,Acanthaceae,Justicia,Plantae,6.0,Lamiales,Tracheophyta,R.B. Rodrigues,Justicia laevilinguis Lindau,Justicia laevilinguis,laevilinguis,2009.0
Magnoliopsida,Brazil,CGMS - Herbário da Fundação Universidade Federal de Mato Grosso do Sul,-18.576389,-57.558889,Acanthaceae,Justicia,Plantae,6.0,Lamiales,Tracheophyta,S.C.H. Medeiros,Justicia laevilinguis Lindau,Justicia laevilinguis,laevilinguis,2009.0
Magnoliopsida,Brazil,CGMS - Herbário da Fundação Universidade Federal de Mato Grosso do Sul,-18.483889,-59.340389,Acanthaceae,Justicia,Plantae,6.0,Lamiales,Tracheophyta,S.N. Moreira,Justicia laevilinguis Lindau,Justicia laevilinguis,laevilinguis,2009.0
Magnoliopsida,Brazil,CGMS - Herbário da Fundação Universidade Federal de Mato Grosso do Sul,-18.9725,-57.623333,Acanthaceae,Justicia,Plantae,7.0,Lamiales,Tracheophyta,R.H. Silva,Justicia laevilinguis Lindau,Justicia laevilinguis,laevilinguis,2009.0
Magnoliopsida,Brazil,"HPAN - Herbário do Pantanal ""Vali Joana Pott""",-16.056611,-57.685306,Acanthaceae,Justicia,Plantae,10.0,Lamiales,Tracheophyta,"Carniello, MA; Mendes, LMC; Silva, NC; Silveira, IA; Leão, DS; Silva, DR",Justicia laevilinguis Lindau,Justicia laevilinguis,laevilinguis,2009.0
Magnoliopsida,Brazil,HUEFS - Herbario da Universidade Estadual de Feira de Santana,-14.253333,-44.371944,Acanthaceae,Justicia,Plantae,1.0,Lamiales,Tracheophyta,"Côrtes, A.L.",Justicia laevilinguis Lindau,Justicia laevilinguis,laevilinguis,2008.0
Magnoliopsida,Brazil,CGMS - Herbário da Fundação Universidade Federal de Mato Grosso do Sul,-20.121833,-52.573361,Acanthaceae,Justicia,Plantae,2.0,Lamiales,Tracheophyta,V.J. Pott,Justicia laevilinguis Lindau,Justicia laevilinguis,laevilinguis,2008.0
Magnoliopsida,Brazil,CGMS - Herbário da Fundação Universidade Federal de Mato Grosso do Sul,-18.9725,-57.623333,Acanthaceae,Justicia,Plantae,4.0,Lamiales,Tracheophyta,R.H. Silva,Justicia laevilinguis Lindau,Justicia laevilinguis,laevilinguis,2008.0
Magnoliopsida,Brazil,CGMS - Herbário da Fundação Universidade Federal de Mato Grosso do Sul,-19.471056,-57.028833,Acanthaceae,Justicia,Plantae,6.0,Lamiales,Tracheophyta,A. Pott,Justicia laevilinguis Lindau,Justicia laevilinguis,laevilinguis,2008.0
Magnoliopsida,Brazil,CGMS - Herbário da Fundação Universidade Federal de Mato Grosso do Sul,-19.576667,-57.018889,Acanthaceae,Justicia,Plantae,1.0,Lamiales,Tracheophyta,S.V. Boff,Justicia laevilinguis Lindau,Justicia laevilinguis,laevilinguis,2007.0
Magnoliopsida,Brazil,HERBAM - Herbário da Amazônia Meridional,-9.471111,-55.728056,Acanthaceae,Justicia,Plantae,6.0,Lamiales,Tracheophyta,"Sasaki, D; Henicka, GS; Piva, JH",Justicia laevilinguis Lindau,Justicia laevilinguis,laevilinguis,2007.0
Magnoliopsida,Brazil,SPF - Herbário da Universidade de São Paulo,-9.2815,-55.4339,Acanthaceae,Justicia,Plantae,6.0,Lamiales,Tracheophyta,"Sasaki, D; Henicka, GS; Piva, JH",Justicia laevilinguis Lindau,Justicia laevilinguis,laevilinguis,2007.0
Magnoliopsida,Brazil,,-9.47,-55.73,Acanthaceae,Justicia,Plantae,6.0,Lamiales,Tracheophyta,"Piva, J.H.; Henicka, G.S.; Sasaki, D.",Justicia laevilinguis Lindau,Justicia laevilinguis,laevilinguis,2007.0
Magnoliopsida,Brazil,HBRA - Herbário do Instituto de Estudos Costeiros da Universidade Federal do Pará,1.691528,-50.008889,Acanthaceae,Justicia,Plantae,10.0,Lamiales,Tracheophyta,M. P. M. Menezes,Justicia laevilinguis Lindau,Justicia laevilinguis,laevilinguis,2007.0
Magnoliopsida,Brazil,ICN - Herbário do Instituto de Ciências Naturais,0.0,0.0,Acanthaceae,Justicia,Plantae,11.0,Lamiales,Tracheophyta,"Schneider, AA",Justicia laevilinguis Lindau,Justicia laevilinguis,laevilinguis,2007.0
Magnoliopsida,Brazil,CGMS - Herbário da Fundação Universidade Federal de Mato Grosso do Sul,-21.307806,-56.55425,Acanthaceae,Justicia,Plantae,12.0,Lamiales,Tracheophyta,V.J. Pott,Justicia laevilinguis Lindau,Justicia laevilinguis,laevilinguis,2007.0
Magnoliopsida,Brazil,CGMS - Herbário da Fundação Universidade Federal de Mato Grosso do Sul,-21.29225,-56.546,Acanthaceae,Justicia,Plantae,12.0,Lamiales,Tracheophyta,V.J. Pott,Justicia laevilinguis Lindau,Justicia laevilinguis,laevilinguis,2007.0
Magnoliopsida,Brazil,HPL - Herbário do Jardim Botânico Plantarum,,,Acanthaceae,Justicia,Plantae,1.0,Lamiales,Tracheophyta,H. Lorenzi,Justicia laevilinguis Lindau,Justicia laevilinguis,laevilinguis,2006.0
Magnoliopsida,Brazil,ICN - Herbário do Instituto de Ciências Naturais,0.0,0.0,Acanthaceae,Justicia,Plantae,2.0,Lamiales,Tracheophyta,"Lima, LF",Justicia laevilinguis Lindau,Justicia laevilinguis,laevilinguis,2006.0
Magnoliopsida,Brazil,UFMT - Herbário UFMT,0.0,0.0,Acanthaceae,Justicia,Plantae,5.0,Lamiales,Tracheophyta,"Rebellato, L.; Arruda, E.C.",Justicia laevilinguis Lindau,Justicia laevilinguis,laevilinguis,2006.0
Magnoliopsida,Brazil,EAC - Herbário Prisco Bezerra,0.0,0.0,Acanthaceae,Justicia,Plantae,7.0,Lamiales,Tracheophyta,"Castro, A.S.F.",Justicia laevilinguis Lindau,Justicia laevilinguis,laevilinguis,2006.0
Magnoliopsida,Brazil,CGMS - Herbário da Fundação Universidade Federal de Mato Grosso do Sul,-19.691806,-57.042056,Acanthaceae,Justicia,Plantae,7.0,Lamiales,Tracheophyta,C.R. Lehn,Justicia laevilinguis Lindau,Justicia laevilinguis,laevilinguis,2006.0
Magnoliopsida,Brazil,HUEFS - Herbario da Universidade Estadual de Feira de Santana,-12.331944,-40.45,Acanthaceae,Justicia,Plantae,7.0,Lamiales,Tracheophyta,"Queiroz, L.P.de",Justicia laevilinguis Lindau,Justicia laevilinguis,laevilinguis,2006.0
Magnoliopsida,Brazil,MBM - Herbário do Museu Botânico Municipal,0.0,0.0,Acanthaceae,Justicia,Plantae,11.0,Lamiales,Tracheophyta,"Silva, JM; Barbosa, E",Justicia laevilinguis Lindau,Justicia laevilinguis,laevilinguis,2006.0
Magnoliopsida,Brazil,"HPAN - Herbário do Pantanal ""Vali Joana Pott""",0.0,0.0,Acanthaceae,Justicia,Plantae,2.0,Lamiales,Tracheophyta,"Carniello, MA",Justicia laevilinguis Lindau,Justicia laevilinguis,laevilinguis,2005.0
Magnoliopsida,Brazil,CGMS - Herbário da Fundação Universidade Federal de Mato Grosso do Sul,-19.250583,-57.379722,Acanthaceae,Justicia,Plantae,3.0,Lamiales,Tracheophyta,V.J. Pott,Justicia laevilinguis Lindau,Justicia laevilinguis,laevilinguis,2005.0
Magnoliopsida,Brazil,"Colección de plantas vasculares de Brasil del Herbario ""Jaime Andrés Rodríguez"". LEB-Brasil",-25.8953,-50.432,Acanthaceae,Justicia,Plantae,4.0,Lamiales,Tracheophyta,R.Wasum,Justicia laevilinguis Lindau,Justicia laevilinguis,laevilinguis,2005.0
Magnoliopsida,Brazil,HUCS - Herbário da Universidade de Caxias do Sul,0.0,0.0,Acanthaceae,Justicia,Plantae,4.0,Lamiales,Tracheophyta,"Wasum, R.A.",Justicia laevilinguis Lindau,Justicia laevilinguis,laevilinguis,2005.0
Magnoliopsida,Brazil,HUEFS - Herbario da Universidade Estadual de Feira de Santana,-12.183333,-38.966667,Acanthaceae,Justicia,Plantae,7.0,Lamiales,Tracheophyta,"Melo, E.",Justicia laevilinguis Lindau,Justicia laevilinguis,laevilinguis,2005.0
Magnoliopsida,Brazil,FUEL - Herbário da Universidade Estadual de Londrina,0.0,0.0,Acanthaceae,Justicia,Plantae,11.0,Lamiales,Tracheophyta,"Melo, E; et al.",Justicia laevilinguis Lindau,Justicia laevilinguis,laevilinguis,2005.0
Magnoliopsida,Brazil,CPAP - Herbário CPAP,-16.875306,-56.832611,Acanthaceae,Justicia,Plantae,11.0,Lamiales,Tracheophyta,"Pott, V. J.; Pott A.",Justicia laevilinguis Lindau,Justicia laevilinguis,laevilinguis,2005.0
Magnoliopsida,Brazil,HUEFS - Herbario da Universidade Estadual de Feira de Santana,-11.931389,-38.978889,Acanthaceae,Justicia,Plantae,11.0,Lamiales,Tracheophyta,"Melo, E.",Justicia laevilinguis Lindau,Justicia laevilinguis,laevilinguis,2005.0
Magnoliopsida,Brazil,UFMT - Herbário UFMT,0.0,0.0,Acanthaceae,Justicia,Plantae,12.0,Lamiales,Tracheophyta,"Carniello, M.A.",Justicia laevilinguis Lindau,Justicia laevilinguis,laevilinguis,2005.0
Magnoliopsida,Brazil,HUFU - Herbarium Uberlandense,0.0,0.0,Acanthaceae,Justicia,Plantae,3.0,Lamiales,Tracheophyta,"Hatschbach, G.; Hatschbach, M. & Barbosa, E.",Justicia laevilinguis Lindau,Justicia laevilinguis,laevilinguis,2004.0
Magnoliopsida,Brazil,UFMT - Herbário UFMT,0.0,0.0,Acanthaceae,Justicia,Plantae,3.0,Lamiales,Tracheophyta,"Rebellato, L.",Justicia laevilinguis Lindau,Justicia laevilinguis,laevilinguis,2004.0
Magnoliopsida,Brazil,HUEFS - Herbario da Universidade Estadual de Feira de Santana,,,Acanthaceae,Justicia,Plantae,3.0,Lamiales,Tracheophyta,"Hatschbach, G.",Justicia laevilinguis Lindau,Justicia laevilinguis,laevilinguis,2004.0
Magnoliopsida,Brazil,CESJ - Herbário Leopoldo Krieger,0.0,0.0,Acanthaceae,Justicia,Plantae,3.0,Lamiales,Tracheophyta,G. Hatschbach; M. Hatschbach; E. Barbosa,Justicia laevilinguis Lindau,Justicia laevilinguis,laevilinguis,2004.0
Magnoliopsida,Brazil,UPCB - Herbário do Departamento de Botânica,,,Acanthaceae,Justicia,Plantae,4.0,Lamiales,Tracheophyta,"Ribas, O.S.",Justicia laevilinguis Lindau,Justicia laevilinguis,laevilinguis,2004.0
Magnoliopsida,Brazil,UB - Herbário da Universidade de Brasília,0.0,0.0,Acanthaceae,Justicia,Plantae,4.0,Lamiales,Tracheophyta,"Ribas, OS",Justicia laevilinguis Lindau,Justicia laevilinguis,laevilinguis,2004.0
Magnoliopsida,Brazil,MBM - Herbário do Museu Botânico Municipal,0.0,0.0,Acanthaceae,Justicia,Plantae,4.0,Lamiales,Tracheophyta,"Ribas, OS; Labiak, P; Petean, MP",Justicia laevilinguis Lindau,Justicia laevilinguis,laevilinguis,2004.0
Magnoliopsida,Brazil,UFMT - Herbário UFMT,0.0,0.0,Acanthaceae,Justicia,Plantae,6.0,Lamiales,Tracheophyta,"Rebellato, L.",Justicia laevilinguis Lindau,Justicia laevilinguis,laevilinguis,2004.0
Magnoliopsida,Brazil,Vascular plants,-29.00772,-56.18531,Acanthaceae,Justicia,Plantae,1.0,Lamiales,Tracheophyta,M. A. G. Magenta,Justicia laevilinguis Lindau,Justicia laevilinguis,laevilinguis,2003.0
Magnoliopsida,Brazil,NMNH Extant Biology,,,Acanthaceae,Justicia,Plantae,3.0,Lamiales,Tracheophyta,"G. Hatschbach, M. M. Hatschbach & E. Barbosa",Justicia laevilinguis Lindau,Justicia laevilinguis,laevilinguis,2003.0
Magnoliopsida,Brazil,UFMT - Herbário UFMT,0.0,0.0,Acanthaceae,Justicia,Plantae,3.0,Lamiales,Tracheophyta,"Arruda, S.M.V.; Rebellato, L.",Justicia laevilinguis Lindau,Justicia laevilinguis,laevilinguis,2003.0
Magnoliopsida,Brazil,UFMT - Herbário UFMT,0.0,0.0,Acanthaceae,Justicia,Plantae,3.0,Lamiales,Tracheophyta,"Santos, M.C.V.; Arruda, E.C.; Rebellato, L.",Justicia laevilinguis Lindau,Justicia laevilinguis,laevilinguis,2003.0
Magnoliopsida,Brazil,MBM - Herbário do Museu Botânico Municipal,0.0,0.0,Acanthaceae,Justicia,Plantae,3.0,Lamiales,Tracheophyta,"Hatschbach, G; Hatschbach, M; Barbosa, E",Justicia laevilinguis Lindau,Justicia laevilinguis,laevilinguis,2003.0
Magnoliopsida,Brazil,CGMS - Herbário da Fundação Universidade Federal de Mato Grosso do Sul,-17.821111,-57.689444,Acanthaceae,Justicia,Plantae,3.0,Lamiales,Tracheophyta,V.J. Pott,Justicia laevilinguis Lindau,Justicia laevilinguis,laevilinguis,2003.0
Magnoliopsida,Brazil,NMNH Extant Biology,,,Acanthaceae,Justicia,Plantae,3.0,Lamiales,Tracheophyta,"G. Hatschbach, M. M. Hatschbach & E. Barbosa",Justicia laevilinguis Lindau,Justicia laevilinguis,laevilinguis,2003.0
Magnoliopsida,Brazil,MBM - Herbário do Museu Botânico Municipal,0.0,0.0,Acanthaceae,Justicia,Plantae,3.0,Lamiales,Tracheophyta,"Hatschbach, G; Hatschbach, M; Barbosa, E",Justicia laevilinguis Lindau,Justicia laevilinguis,laevilinguis,2003.0
Magnoliopsida,Brazil,,,,Acanthaceae,Justicia,Plantae,3.0,Lamiales,Tracheophyta,"G. Hatschbach, M. Hatschbach & E. Barbosa",Justicia laevilinguis Lindau,Justicia laevilinguis,laevilinguis,2003.0
Magnoliopsida,Brazil,NMNH Extant Biology,,,Acanthaceae,Justicia,Plantae,3.0,Lamiales,Tracheophyta,"G. Hatschbach, M. M. Hatschbach & E. Barbosa",Justicia laevilinguis Lindau,Justicia laevilinguis,laevilinguis,2003.0
Magnoliopsida,Brazil,CGMS - Herbário da Fundação Universidade Federal de Mato Grosso do Sul,-19.376667,-57.047528,Acanthaceae,Justicia,Plantae,6.0,Lamiales,Tracheophyta,V.J. Pott,Justicia laevilinguis Lindau,Justicia laevilinguis,laevilinguis,2003.0
Magnoliopsida,Brazil,MBM - Herbário do Museu Botânico Municipal,0.0,0.0,Acanthaceae,Justicia,Plantae,6.0,Lamiales,Tracheophyta,"Hatschbach, G; Hatschbach, M; Ribas, OS; Cordeiro, J",Justicia laevilinguis Lindau,Justicia laevilinguis,laevilinguis,2003.0
Magnoliopsida,Brazil,,,,Acanthaceae,Justicia,Plantae,6.0,Lamiales,Tracheophyta,"Hatschbach,G., Hatschbach,M., Ribas,O.S. & Cordeiro,J.",Justicia laevilinguis Lindau,Justicia laevilinguis,laevilinguis,2003.0
Magnoliopsida,Brazil,NMNH Extant Biology,,,Acanthaceae,Justicia,Plantae,6.0,Lamiales,Tracheophyta,"G. Hatschbach, M. M. Hatschbach, O. S. Ribas & J. A. Carneiro",Justicia laevilinguis Lindau,Justicia laevilinguis,laevilinguis,2003.0
Magnoliopsida,Brazil,,,,Acanthaceae,Justicia,Plantae,6.0,Lamiales,Tracheophyta,G. Hatschbach,Justicia laevilinguis Lindau,Justicia laevilinguis,laevilinguis,2003.0
Magnoliopsida,Brazil,CEN - Herbário da Embrapa Recursos Genéticos e Biotecnologia,-19.376666,-57.0475,Acanthaceae,Justicia,Plantae,6.0,Lamiales,Tracheophyta,Vali Joana Pott,Justicia laevilinguis Lindau,Justicia laevilinguis,laevilinguis,2003.0
Magnoliopsida,Brazil,UPCB - Herbário do Departamento de Botânica,,,Acanthaceae,Justicia,Plantae,9.0,Lamiales,Tracheophyta,"Pinto, G.B.S.",Justicia laevilinguis Lindau,Justicia laevilinguis,laevilinguis,2003.0
Magnoliopsida,Brazil,NMNH Extant Biology,,,Acanthaceae,Justicia,Plantae,10.0,Lamiales,Tracheophyta,"G. Hatschbach, M. M. Hatschbach & E. Barbosa",Justicia laevilinguis Lindau,Justicia laevilinguis,laevilinguis,2003.0
Magnoliopsida,Brazil,UFMT - Herbário UFMT,0.0,0.0,Acanthaceae,Justicia,Plantae,11.0,Lamiales,Tracheophyta,"Rebellato, L.",Justicia laevilinguis Lindau,Justicia laevilinguis,laevilinguis,2003.0
Magnoliopsida,Brazil,UEC - Herbário da Universidade Estadual de Campinas,0.0,0.0,Acanthaceae,Justicia,Plantae,1.0,Lamiales,Tracheophyta,"Sciamarelli, A.; Oliveira, M.I.B.; Ishimi, C.M.",Justicia laevilinguis Lindau,Justicia laevilinguis,laevilinguis,2002.0
Magnoliopsida,Brazil,CEN - Herbário da Embrapa Recursos Genéticos e Biotecnologia,-15.98333,-47.19722,Acanthaceae,Justicia,Plantae,3.0,Lamiales,Tracheophyta,Glocimar Pereira-Silva,Justicia laevilinguis Lindau,Justicia laevilinguis,laevilinguis,2002.0
Magnoliopsida,Brazil,RB - Rio de Janeiro Botanical Garden Herbarium Collection,-15.983333,-47.197222,Acanthaceae,Justicia,Plantae,3.0,Lamiales,Tracheophyta,"G.Pereira-Silva; G.A.Moreira, J.B.Pereira e M.Carvalho-Silva",Justicia laevilinguis Lindau,Justicia laevilinguis,laevilinguis,2002.0
Magnoliopsida,Brazil,HUEFS - Herbario da Universidade Estadual de Feira de Santana,-15.983333,-47.197222,Acanthaceae,Justicia,Plantae,3.0,Lamiales,Tracheophyta,"Silva, G.P.",Justicia laevilinguis Lindau,Justicia laevilinguis,laevilinguis,2002.0
Magnoliopsida,Brazil,CGMS - Herbário da Fundação Universidade Federal de Mato Grosso do Sul,,,Acanthaceae,Justicia,Plantae,3.0,Lamiales,Tracheophyta,L.C. Costa,Justicia laevilinguis Lindau,Justicia laevilinguis,laevilinguis,2002.0
Magnoliopsida,Brazil,CGMS - Herbário da Fundação Universidade Federal de Mato Grosso do Sul,,,Acanthaceae,Justicia,Plantae,5.0,Lamiales,Tracheophyta,A.L. Barros,Justicia laevilinguis Lindau,Justicia laevilinguis,laevilinguis,2002.0
Magnoliopsida,Brazil,"HPAN - Herbário do Pantanal ""Vali Joana Pott""",-16.066667,-57.65,Acanthaceae,Justicia,Plantae,6.0,Lamiales,Tracheophyta,"Schessl, M",Justicia anagallis (Nees) Lindau,Justicia laevilinguis,anagallis,2002.0
Magnoliopsida,Brazil,CGMS - Herbário da Fundação Universidade Federal de Mato Grosso do Sul,-20.156944,-56.116111,Acanthaceae,Justicia,Plantae,11.0,Lamiales,Tracheophyta,V.J. Pott,Justicia laevilinguis Lindau,Justicia laevilinguis,laevilinguis,2002.0
Magnoliopsida,Brazil,NMNH Extant Biology,,,Acanthaceae,Justicia,Plantae,11.0,Lamiales,Tracheophyta,"G. Hatschbach, M. M. Hatschbach & J. M. Silva",Justicia laevilinguis Lindau,Justicia laevilinguis,laevilinguis,2002.0
Magnoliopsida,Brazil,HUEFS - Herbario da Universidade Estadual de Feira de Santana,,,Acanthaceae,Justicia,Plantae,11.0,Lamiales,Tracheophyta,"Hatschbach, G.",Justicia laevilinguis Lindau,Justicia laevilinguis,laevilinguis,2002.0
Magnoliopsida,Brazil,CGMS - Herbário da Fundação Universidade Federal de Mato Grosso do Sul,-17.816667,-57.566667,Acanthaceae,Justicia,Plantae,3.0,Lamiales,Tracheophyta,A. Pott,Justicia laevilinguis Lindau,Justicia laevilinguis,laevilinguis,2001.0
Magnoliopsida,Brazil,CGMS - Herbário da Fundação Universidade Federal de Mato Grosso do Sul,-21.336278,-56.626389,Acanthaceae,Justicia,Plantae,4.0,Lamiales,Tracheophyta,V.J. Pott,Justicia laevilinguis Lindau,Justicia laevilinguis,laevilinguis,2001.0
Magnoliopsida,Brazil,CPAP - Herbário CPAP,-17.728944,-57.540028,Acanthaceae,Justicia,Plantae,9.0,Lamiales,Tracheophyta,"Pott, V. J.; Lima, L.C.P. & Freitas, G.K.",Justicia laevilinguis Lindau,Justicia laevilinguis,laevilinguis,2001.0
Magnoliopsida,Brazil,CGMS - Herbário da Fundação Universidade Federal de Mato Grosso do Sul,-17.831111,-57.553056,Acanthaceae,Justicia,Plantae,9.0,Lamiales,Tracheophyta,A. Pott,Justicia laevilinguis Lindau,Justicia laevilinguis,laevilinguis,2001.0
Magnoliopsida,Brazil,CPAP - Herbário CPAP,-17.831111,-57.553056,Acanthaceae,Justicia,Plantae,9.0,Lamiales,Tracheophyta,"Pott, A.; Pott, V.J.; Lima, L.C.P.; Cunha da C.N.; Silveria, E.A.; Ferreira, H. & Arruda, E.C.",Justicia laevilinguis Lindau,Justicia laevilinguis,laevilinguis,2001.0
Magnoliopsida,Brazil,CGMS - Herbário da Fundação Universidade Federal de Mato Grosso do Sul,-17.728944,-57.540028,Acanthaceae,Justicia,Plantae,9.0,Lamiales,Tracheophyta,V.J. Pott,Justicia laevilinguis Lindau,Justicia laevilinguis,laevilinguis,2001.0
Magnoliopsida,Brazil,HUEFS - Herbario da Universidade Estadual de Feira de Santana,-13.169722,-43.284167,Acanthaceae,Justicia,Plantae,2.0,Lamiales,Tracheophyta,"Queiroz, L.P.de",Justicia laevilinguis Lindau,Justicia laevilinguis,laevilinguis,2000.0
Magnoliopsida,Brazil,CPAP - Herbário CPAP,-21.25,-56.55,Acanthaceae,Justicia,Plantae,3.0,Lamiales,Tracheophyta,"Pott, V. J.; Souza, P.R. de; Scremin-DIAS, E.",Justicia laevilinguis Lindau,Justicia laevilinguis,laevilinguis,2000.0
Magnoliopsida,Brazil,IAC - Herbário do Instituto Agronômico de Campinas,-17.2089,-54.1503,Acanthaceae,Justicia,Plantae,10.0,Lamiales,Tracheophyta,G.F. Árbocz,Justicia laevilinguis Lindau,Justicia laevilinguis,laevilinguis,2000.0
Magnoliopsida,Brazil,HUEFS - Herbario da Universidade Estadual de Feira de Santana,,,Acanthaceae,Justicia,Plantae,1.0,Lamiales,Tracheophyta,"Junqueira, M.E.R.",Justicia laevilinguis Lindau,Justicia laevilinguis,laevilinguis,1999.0
Magnoliopsida,Brazil,PACA-AGP - Herbarium Anchieta,,,Acanthaceae,Justicia,Plantae,3.0,Lamiales,Tracheophyta,J. M. Consoni,Justicia laevilinguis Lindau,Justicia laevilinguis,laevilinguis,1999.0
Magnoliopsida,Brazil,UFMT - Herbário UFMT,0.0,0.0,Acanthaceae,Justicia,Plantae,5.0,Lamiales,Tracheophyta,"Vilhalva, D.A.A.",Justicia laevilinguis Lindau,Justicia laevilinguis,laevilinguis,1999.0
Magnoliopsida,Brazil,UPCB - Herbário do Departamento de Botânica,,,Acanthaceae,Justicia,Plantae,8.0,Lamiales,Tracheophyta,"Gatti, G.",Justicia anagallis (Nees) Lindau,Justicia laevilinguis,anagallis,1999.0
Magnoliopsida,Brazil,MBM - Herbário do Museu Botânico Municipal,0.0,0.0,Acanthaceae,Justicia,Plantae,11.0,Lamiales,Tracheophyta,"Junqueira, MER; Rodrigues, MOS; Senna, LR; França, F",Justicia laevilinguis Lindau,Justicia laevilinguis,laevilinguis,1999.0
Magnoliopsida,Brazil,CPAP - Herbário CPAP,-19.941667,-56.103611,Acanthaceae,Justicia,Plantae,12.0,Lamiales,Tracheophyta,"Pott, V. J.; Pott, A.; Riberio, M.; Souza, O.C.",Justicia laevilinguis Lindau,Justicia laevilinguis,laevilinguis,1999.0
Magnoliopsida,Brazil,CPAP - Herbário CPAP,-19.926667,-56.217778,Acanthaceae,Justicia,Plantae,4.0,Lamiales,Tracheophyta,"Pott, V. J.; Pott, A.; Silva, J.S.V.",Justicia laevilinguis Lindau,Justicia laevilinguis,laevilinguis,1998.0
Magnoliopsida,Brazil,CPAP - Herbário CPAP,-18.566667,-57.566667,Acanthaceae,Justicia,Plantae,6.0,Lamiales,Tracheophyta,"Salis, S. M.; Calheiros, D.",Justicia laevilinguis Lindau,Justicia laevilinguis,laevilinguis,1998.0
Magnoliopsida,Brazil,CPAP - Herbário CPAP,-19.211389,-56.913333,Acanthaceae,Justicia,Plantae,9.0,Lamiales,Tracheophyta,"Salis, S. M.; Nakajima, J.",Justicia laevilinguis Lindau,Justicia laevilinguis,laevilinguis,1998.0
Magnoliopsida,Brazil,CPAP - Herbário CPAP,-18.916667,-56.716667,Acanthaceae,Justicia,Plantae,12.0,Lamiales,Tracheophyta,"Pott, V. J.; Pott, A.; Arantes, A.",Justicia laevilinguis Lindau,Justicia laevilinguis,laevilinguis,1998.0
Magnoliopsida,Brazil,HUEFS - Herbario da Universidade Estadual de Feira de Santana,,,Acanthaceae,Justicia,Plantae,2.0,Lamiales,Tracheophyta,"Giulietti, A.M.",Justicia laevilinguis Lindau,Justicia laevilinguis,laevilinguis,1997.0
Magnoliopsida,Brazil,ALCB - Herbário Alexandre Leal Costa,-12.0,-41.0,Acanthaceae,Justicia,Plantae,2.0,Lamiales,Tracheophyta,"Giulietti, AM; Harley, RM; Atkins, S",Justicia laevilinguis Lindau,Justicia laevilinguis,laevilinguis,1997.0
Magnoliopsida,Brazil,CPAP - Herbário CPAP,-16.353611,-56.645,Acanthaceae,Justicia,Plantae,2.0,Lamiales,Tracheophyta,"Pott, V. J.; Pott, A.; Bueno, N.C.; Arantes, A.",Justicia laevilinguis Lindau,Justicia laevilinguis,laevilinguis,1996.0
Magnoliopsida,Brazil,CPAP - Herbário CPAP,-16.380278,-56.625556,Acanthaceae,Justicia,Plantae,2.0,Lamiales,Tracheophyta,"Pott, A.; Pott, V.J.; Arantes, A.; Bueno, N.C.",Justicia laevilinguis Lindau,Justicia laevilinguis,laevilinguis,1996.0
Magnoliopsida,Brazil,CGMS - Herbário da Fundação Universidade Federal de Mato Grosso do Sul,-16.380278,-56.625556,Acanthaceae,Justicia,Plantae,2.0,Lamiales,Tracheophyta,A. Pott,Justicia laevilinguis Lindau,Justicia laevilinguis,laevilinguis,1996.0
Magnoliopsida,Brazil,EAC - Herbário Prisco Bezerra,0.0,0.0,Acanthaceae,Justicia,Plantae,6.0,Lamiales,Tracheophyta,"Castro, A.S.F.",Justicia laevilinguis Lindau,Justicia laevilinguis,laevilinguis,1996.0
Magnoliopsida,Brazil,ALCB - Herbário Alexandre Leal Costa,-11.172778,-40.545556,Acanthaceae,Justicia,Plantae,7.0,Lamiales,Tracheophyta,"Giulietti, AM; Harley, RM; Hind, DJN",Justicia laevilinguis Lindau,Justicia laevilinguis,laevilinguis,1996.0
Magnoliopsida,Brazil,HUEFS - Herbario da Universidade Estadual de Feira de Santana,-11.172778,-40.545556,Acanthaceae,Justicia,Plantae,7.0,Lamiales,Tracheophyta,"Giulietti, A.M.",Justicia laevilinguis Lindau,Justicia laevilinguis,laevilinguis,1996.0
Magnoliopsida,Brazil,,,,Acanthaceae,Justicia,Plantae,7.0,Lamiales,Tracheophyta,"Giulietti, A.M.",Justicia laevilinguis Lindau,Justicia laevilinguis,laevilinguis,1996.0
Magnoliopsida,Brazil,RB - Rio de Janeiro Botanical Garden Herbarium Collection,,,Acanthaceae,Justicia,Plantae,10.0,Lamiales,Tracheophyta,R.L.S. Dutra; A.M. Assis,Justicia laevilinguis Lindau,Justicia laevilinguis,laevilinguis,1996.0
Magnoliopsida,Brazil,HUEFS - Herbario da Universidade Estadual de Feira de Santana,-11.933333,-38.966667,Acanthaceae,Justicia,Plantae,12.0,Lamiales,Tracheophyta,"Harley, R.M.",Justicia laevilinguis Lindau,Justicia laevilinguis,laevilinguis,1996.0
Magnoliopsida,Brazil,JPB - Herbário Lauro Pires Xavier,-7.096389,-35.2325,Acanthaceae,Justicia,Plantae,1.0,Lamiales,Tracheophyta,"Moura, OT",Justicia laevilinguis Lindau,Justicia laevilinguis,laevilinguis,1995.0
Magnoliopsida,Brazil,UEC - Herbário da Universidade Estadual de Campinas,0.0,0.0,Acanthaceae,Justicia,Plantae,4.0,Lamiales,Tracheophyta,"Damasceno Junior, G.A.; Leitão Filho, H.F.; Semir, J.; Rodrigues, R.R.",Justicia laevilinguis Lindau,Justicia laevilinguis,laevilinguis,1995.0
Magnoliopsida,Brazil,HUEFS - Herbario da Universidade Estadual de Feira de Santana,,,Acanthaceae,Justicia,Plantae,6.0,Lamiales,Tracheophyta,"França, F.",Justicia laevilinguis Lindau,Justicia laevilinguis,laevilinguis,1995.0
Magnoliopsida,Brazil,NMNH Extant Biology,,,Acanthaceae,Justicia,Plantae,8.0,Lamiales,Tracheophyta,"G. Hatschbach, M. M. Hatschbach & J. Motta",Justicia laevilinguis Lindau,Justicia laevilinguis,laevilinguis,1995.0
Magnoliopsida,Brazil,,,,Acanthaceae,Justicia,Plantae,10.0,Lamiales,Tracheophyta,"Costa,  M.A.S. da; Assunção,  P.A.C.L.",Justicia laevilinguis Lindau,Justicia laevilinguis,laevilinguis,1995.0
Magnoliopsida,Brazil,ESA - Herbário da Escola Superior de Agricultura Luiz de Queiroz,,,Acanthaceae,Justicia,Plantae,3.0,Lamiales,Tracheophyta,"Souza, V.C. et al.",Justicia laevilinguis Lindau,Justicia laevilinguis,laevilinguis,1994.0
Magnoliopsida,Brazil,,,,Acanthaceae,Justicia,Plantae,3.0,Lamiales,Tracheophyta,"Souza, V.C.",Justicia laevilinguis Lindau,Justicia laevilinguis,laevilinguis,1994.0
Magnoliopsida,Brazil,NMNH Extant Biology,,,Acanthaceae,Justicia,Plantae,6.0,Lamiales,Tracheophyta,"G. Hatschbach, V. J. Pott & J. M. Silva",Justicia laevilinguis Lindau,Justicia laevilinguis,laevilinguis,1994.0
Magnoliopsida,Brazil,CPAP - Herbário CPAP,,,Acanthaceae,Justicia,Plantae,6.0,Lamiales,Tracheophyta,"Hatschbach, G.; Pott, V.J.; Silva, J.M.",Justicia laevilinguis Lindau,Justicia laevilinguis,laevilinguis,1994.0
Magnoliopsida,Brazil,CGMS - Herbário da Fundação Universidade Federal de Mato Grosso do Sul,-19.033333,-57.583333,Acanthaceae,Justicia,Plantae,7.0,Lamiales,Tracheophyta,N.C. Bueno,Justicia laevilinguis Lindau,Justicia laevilinguis,laevilinguis,1994.0
Magnoliopsida,Brazil,,,,Acanthaceae,Justicia,Plantae,2.0,Lamiales,Tracheophyta,Hatschbach GG; Schinini A; Silva JM,Justicia laevilinguis Lindau,Justicia laevilinguis,laevilinguis,1993.0
Magnoliopsida,Brazil,NMNH Extant Biology,,,Acanthaceae,Justicia,Plantae,2.0,Lamiales,Tracheophyta,"G. Hatschbach, A. Schinini & J. M. Silva",Justicia laevilinguis Lindau,Justicia laevilinguis,laevilinguis,1993.0
Magnoliopsida,Brazil,CPAP - Herbário CPAP,,,Acanthaceae,Justicia,Plantae,2.0,Lamiales,Tracheophyta,"Hatschbach, G.; Schinini, A.; Silva, J.M.",Justicia laevilinguis Lindau,Justicia laevilinguis,laevilinguis,1993.0
Magnoliopsida,Brazil,UFMT - Herbário UFMT,-16.383333,-56.666667,Acanthaceae,Justicia,Plantae,3.0,Lamiales,Tracheophyta,"Schessl, M.",Justicia laevilinguis Lindau,Justicia laevilinguis,laevilinguis,1993.0
Magnoliopsida,Brazil,CPAP - Herbário CPAP,-16.333333,-56.733333,Acanthaceae,Justicia,Plantae,4.0,Lamiales,Tracheophyta,"Pott, V. J.; Pereira, M.; J. dos S.V. da Silva; Abdon, M.",Justicia laevilinguis Lindau,Justicia laevilinguis,laevilinguis,1993.0
Magnoliopsida,Brazil,HUEFS - Herbario da Universidade Estadual de Feira de Santana,,,Acanthaceae,Justicia,Plantae,12.0,Lamiales,Tracheophyta,"Gomes, D.J.",Justicia laevilinguis Lindau,Justicia laevilinguis,laevilinguis,1993.0
Magnoliopsida,Brazil,NMNH Extant Biology,,,Acanthaceae,Justicia,Plantae,2.0,Lamiales,Tracheophyta,M. Schessl,Justicia laevilinguis Lindau,Justicia laevilinguis,laevilinguis,1992.0
Magnoliopsida,Brazil,UFMT - Herbário UFMT,0.0,0.0,Acanthaceae,Justicia,Plantae,2.0,Lamiales,Tracheophyta,"Schessl, M.",Justicia laevilinguis Lindau,Justicia laevilinguis,laevilinguis,1992.0
Magnoliopsida,Brazil,UEC - Herbário da Universidade Estadual de Campinas,0.0,0.0,Acanthaceae,Justicia,Plantae,3.0,Lamiales,Tracheophyta,"Prado, A.L.",Justicia laevilinguis Lindau,Justicia laevilinguis,laevilinguis,1992.0
Magnoliopsida,Brazil,UEC - Herbário da Universidade Estadual de Campinas,0.0,0.0,Acanthaceae,Justicia,Plantae,4.0,Lamiales,Tracheophyta,"Prado, A.L.",Justicia laevilinguis Lindau,Justicia laevilinguis,laevilinguis,1992.0
Magnoliopsida,Brazil,CGMS - Herbário da Fundação Universidade Federal de Mato Grosso do Sul,-19.2,-57.233333,Acanthaceae,Justicia,Plantae,6.0,Lamiales,Tracheophyta,N.C. Bueno,Justicia laevilinguis Lindau,Justicia laevilinguis,laevilinguis,1992.0
Magnoliopsida,Brazil,CPAP - Herbário CPAP,-19.2,-57.233333,Acanthaceae,Justicia,Plantae,6.0,Lamiales,Tracheophyta,"Bueno, N. C.; Hamilton, S.; Sippel, S.",Justicia laevilinguis Lindau,Justicia laevilinguis,laevilinguis,1992.0
Magnoliopsida,Brazil,CPAP - Herbário CPAP,-19.016667,-57.65,Acanthaceae,Justicia,Plantae,6.0,Lamiales,Tracheophyta,"Pott, A.; Franco, A.A.",Justicia laevilinguis Lindau,Justicia laevilinguis,laevilinguis,1992.0
Magnoliopsida,Brazil,UFMT - Herbário UFMT,0.0,0.0,Acanthaceae,Justicia,Plantae,11.0,Lamiales,Tracheophyta,"Cordeiro, I.; Catharino, E.L.M.; Ribeiro, W.; Simonetti, C.; Machado, C.",Justicia anagallis (Nees) Lindau,Justicia laevilinguis,anagallis,1992.0
Magnoliopsida,Brazil,ICN - Herbário do Instituto de Ciências Naturais,0.0,0.0,Acanthaceae,Justicia,Plantae,12.0,Lamiales,Tracheophyta,"Rúgolo, Z; et al.",Justicia laevilinguis Lindau,Justicia laevilinguis,laevilinguis,1992.0
Magnoliopsida,Brazil,CPAP - Herbário CPAP,-19.483333,-56.383333,Acanthaceae,Justicia,Plantae,2.0,Lamiales,Tracheophyta,"Pott, A.; Pott, V.J.; Pereira, M.; Mauro, R.A.; Tomas, W.",Justicia laevilinguis Lindau,Justicia laevilinguis,laevilinguis,1991.0
Magnoliopsida,Brazil,CGMS - Herbário da Fundação Universidade Federal de Mato Grosso do Sul,-19.483333,-56.383333,Acanthaceae,Justicia,Plantae,2.0,Lamiales,Tracheophyta,A. Pott,Justicia laevilinguis Lindau,Justicia laevilinguis,laevilinguis,1991.0
Magnoliopsida,Brazil,NMNH Extant Biology,,,Acanthaceae,Justicia,Plantae,3.0,Lamiales,Tracheophyta,G. Hatschbach & J. Saldanha,Justicia laevilinguis Lindau,Justicia laevilinguis,laevilinguis,1991.0
Magnoliopsida,Brazil,MBM - Herbário do Museu Botânico Municipal,0.0,0.0,Acanthaceae,Justicia,Plantae,3.0,Lamiales,Tracheophyta,"Hatschbach, G; Saldanha, J",Justicia laevilinguis Lindau,Justicia laevilinguis,laevilinguis,1991.0
Magnoliopsida,Brazil,UEC - Herbário da Universidade Estadual de Campinas,0.0,0.0,Acanthaceae,Justicia,Plantae,7.0,Lamiales,Tracheophyta,"Prado, A.L.",Justicia laevilinguis Lindau,Justicia laevilinguis,laevilinguis,1991.0
Magnoliopsida,Brazil,CPAP - Herbário CPAP,,,Acanthaceae,Justicia,Plantae,8.0,Lamiales,Tracheophyta,"Cervi, A. C.; Pott, A.; Pott, V.J.; Dunaiski Jr., A.",Justicia laevilinguis Lindau,Justicia laevilinguis,laevilinguis,1991.0
Magnoliopsida,Brazil,UPCB - Herbário do Departamento de Botânica,,,Acanthaceae,Justicia,Plantae,8.0,Lamiales,Tracheophyta,"Cervi, A.C.",Justicia laevilinguis Lindau,Justicia laevilinguis,laevilinguis,1991.0
Magnoliopsida,Brazil,NMNH Extant Biology,-16.93,-56.9,Acanthaceae,Justicia,Plantae,12.0,Lamiales,Tracheophyta,M. Schessl,Justicia laevilinguis Lindau,Justicia laevilinguis,laevilinguis,1991.0
Magnoliopsida,Brazil,UFMT - Herbário UFMT,-16.933333,-56.9,Acanthaceae,Justicia,Plantae,12.0,Lamiales,Tracheophyta,"Schessl, M.",Justicia laevilinguis Lindau,Justicia laevilinguis,laevilinguis,1991.0
Magnoliopsida,Brazil,RB - Rio de Janeiro Botanical Garden Herbarium Collection,,,Acanthaceae,Justicia,Plantae,3.0,Lamiales,Tracheophyta,Andre M. de Carvalho ; J. Saunders,Justicia laevilinguis Lindau,Justicia laevilinguis,laevilinguis,1990.0
Magnoliopsida,Brazil,CPAP - Herbário CPAP,-19.233333,-57.516667,Acanthaceae,Justicia,Plantae,4.0,Lamiales,Tracheophyta,"Pott, V. J.; Pott, V.J.; Bueno, N.C.",Justicia laevilinguis Lindau,Justicia laevilinguis,laevilinguis,1990.0
Magnoliopsida,Brazil,CPAP - Herbário CPAP,,,Acanthaceae,Justicia,Plantae,6.0,Lamiales,Tracheophyta,"Pott, V. J.; Pott, V.J.; Bueno, N.C.",Justicia laevilinguis Lindau,Justicia laevilinguis,laevilinguis,1989.0
Magnoliopsida,Brazil,CPAP - Herbário CPAP,-19.85,-55.966667,Acanthaceae,Justicia,Plantae,11.0,Lamiales,Tracheophyta,"Pott, A.; Barros , A. T. M. de; Tomas, W.",Justicia laevilinguis Lindau,Justicia laevilinguis,laevilinguis,1989.0
Magnoliopsida,Brazil,CPAP - Herbário CPAP,-19.233333,-57.05,Acanthaceae,Justicia,Plantae,12.0,Lamiales,Tracheophyta,"Pott, V. J.; Silva, M.P. da; Benicio, S.J.",Justicia laevilinguis Lindau,Justicia laevilinguis,laevilinguis,1989.0
Magnoliopsida,Brazil,HUEFS - Herbario da Universidade Estadual de Feira de Santana,-12.25,-38.966667,Acanthaceae,Justicia,Plantae,5.0,Lamiales,Tracheophyta,"Queiroz, L.P.de",Justicia laevilinguis Lindau,Justicia laevilinguis,laevilinguis,1988.0
Magnoliopsida,Brazil,NMNH Extant Biology,-12.25,-38.97,Acanthaceae,Justicia,Plantae,5.0,Lamiales,Tracheophyta,L. P. de Queiróz & et al.,Justicia laevilinguis Lindau,Justicia laevilinguis,laevilinguis,1988.0
Magnoliopsida,Brazil,CPAP - Herbário CPAP,-19.733333,-57.1,Acanthaceae,Justicia,Plantae,6.0,Lamiales,Tracheophyta,"Pott, A.; Boock, A.; Araujo, M. R.; Pereira, M.",Justicia laevilinguis Lindau,Justicia laevilinguis,laevilinguis,1987.0
Magnoliopsida,Brazil,Tropicos,,,Acanthaceae,Justicia,Plantae,7.0,Lamiales,Tracheophyta,Shunsuke Tsugaru|Yotaro Sano,Justicia laevilinguis Lindau,Justicia laevilinguis,laevilinguis,1987.0
Magnoliopsida,Brazil,CGMS - Herbário da Fundação Universidade Federal de Mato Grosso do Sul,-19.633333,-57.166667,Acanthaceae,Justicia,Plantae,10.0,Lamiales,Tracheophyta,V.J. Pott,Justicia laevilinguis Lindau,Justicia laevilinguis,laevilinguis,1987.0
Magnoliopsida,Brazil,CPAP - Herbário CPAP,-19.633333,-57.166667,Acanthaceae,Justicia,Plantae,10.0,Lamiales,Tracheophyta,"Pott, V. J.; Pott, A; Silva, M.P. da; Boock, A.",Justicia laevilinguis Lindau,Justicia laevilinguis,laevilinguis,1987.0
Magnoliopsida,Brazil,SMDB - Santa Maria Departamento de Biologia,0.0,0.0,Acanthaceae,Justicia,Plantae,5.0,Lamiales,Tracheophyta,"Alvarez, AF",Justicia laevilinguis Lindau,Justicia laevilinguis,laevilinguis,1986.0
Magnoliopsida,Brazil,ICN - Herbário do Instituto de Ciências Naturais,0.0,0.0,Acanthaceae,Justicia,Plantae,5.0,Lamiales,Tracheophyta,"Irgang, BE",Justicia laevilinguis Lindau,Justicia laevilinguis,laevilinguis,1986.0
Magnoliopsida,Brazil,FUEL - Herbário da Universidade Estadual de Londrina,0.0,0.0,Acanthaceae,Justicia,Plantae,7.0,Lamiales,Tracheophyta,Francisco das Chagas e Silva,Justicia laevilinguis Lindau,Justicia laevilinguis,laevilinguis,1986.0
Magnoliopsida,Brazil,CPAP - Herbário CPAP,-19.2,-57.233333,Acanthaceae,Justicia,Plantae,12.0,Lamiales,Tracheophyta,"Pott, A.; Cunha, C. N. da; Pott, V. J.; Tavares, C. C. de F.",Justicia laevilinguis Lindau,Justicia laevilinguis,laevilinguis,1986.0
Magnoliopsida,Brazil,CPAP - Herbário CPAP,,,Acanthaceae,Justicia,Plantae,3.0,Lamiales,Tracheophyta,"Hatschbach, G.; Silva, J.M.",Justicia laevilinguis Lindau,Justicia laevilinguis,laevilinguis,1985.0
Magnoliopsida,Brazil,,,,Acanthaceae,Justicia,Plantae,3.0,Lamiales,Tracheophyta,"Hatschbach,  G.; Silva,  M.G. da",Justicia laevilinguis Lindau,Justicia laevilinguis,laevilinguis,1985.0
Magnoliopsida,Brazil,UFMT - Herbário UFMT,0.0,0.0,Acanthaceae,Justicia,Plantae,3.0,Lamiales,Tracheophyta,"Hatschbach, G.; Silva, J.M.",Justicia laevilinguis Lindau,Justicia laevilinguis,laevilinguis,1985.0
Magnoliopsida,Brazil,NMNH Extant Biology,,,Acanthaceae,Justicia,Plantae,3.0,Lamiales,Tracheophyta,G. Hatschbach & J. M. Silva,Justicia laevilinguis Lindau,Justicia laevilinguis,laevilinguis,1985.0
Magnoliopsida,Brazil,"Coleção Botânica, Instituto Nacional de Pesquisas da Amazônia (INPA)",,,Acanthaceae,Justicia,Plantae,7.0,Lamiales,Tracheophyta,Mike Hopkins,Justicia laevilinguis Lindau,Justicia laevilinguis,laevilinguis,1985.0
Magnoliopsida,Brazil,CPAP - Herbário CPAP,-19.233333,-51.05,Acanthaceae,Justicia,Plantae,9.0,Lamiales,Tracheophyta,"Pott, V. J.; Bueno, N. C.; Ferreira, C. J.; Coutinho, M. E.",Justicia laevilinguis Lindau,Justicia laevilinguis,laevilinguis,1985.0
Magnoliopsida,Brazil,ICN - Herbário do Instituto de Ciências Naturais,0.0,0.0,Acanthaceae,Justicia,Plantae,2.0,Lamiales,Tracheophyta,"Hagelund, K",Justicia laevilinguis Lindau,Justicia laevilinguis,laevilinguis,1984.0
Magnoliopsida,Brazil,"Coleção Botânica, Instituto Nacional de Pesquisas da Amazônia (INPA)",,,Acanthaceae,Justicia,Plantae,7.0,Lamiales,Tracheophyta,Mike Hopkins,Justicia laevilinguis Lindau,Justicia laevilinguis,laevilinguis,1984.0
Magnoliopsida,Brazil,FLOR - Herbário do Departamento de Botânica da Universidade Federal de Santa Catarina,,,Acanthaceae,Justicia,Plantae,4.0,Lamiales,Tracheophyta,"Sobral, M.; Falkenberg, D.B.",Justicia laevilinguis Lindau,Justicia laevilinguis,laevilinguis,1983.0
Magnoliopsida,Brazil,FLOR - Herbário do Departamento de Botânica da Universidade Federal de Santa Catarina,,,Acanthaceae,Justicia,Plantae,4.0,Lamiales,Tracheophyta,"Sobral, M.; Falkenberg, D.B.",Justicia laevilinguis Lindau,Justicia laevilinguis,laevilinguis,1983.0
Magnoliopsida,Brazil,Vascular plants,,,Acanthaceae,Justicia,Plantae,5.0,Lamiales,Tracheophyta,L. M. M. Carreira,Justicia laevilinguis Lindau,Justicia laevilinguis,laevilinguis,1983.0
Magnoliopsida,Brazil,NMNH Extant Biology,-12.25,-38.97,Acanthaceae,Justicia,Plantae,5.0,Lamiales,Tracheophyta,L. R. Noblick & M. Lemos,Justicia laevilinguis Lindau,Justicia laevilinguis,laevilinguis,1983.0
Magnoliopsida,Brazil,NMNH Extant Biology,-12.25,-38.97,Acanthaceae,Justicia,Plantae,5.0,Lamiales,Tracheophyta,L. R. Noblick & M. Lemos,Justicia laevilinguis Lindau,Justicia laevilinguis,laevilinguis,1983.0
Magnoliopsida,Brazil,MBM - Herbário do Museu Botânico Municipal,0.0,0.0,Acanthaceae,Justicia,Plantae,5.0,Lamiales,Tracheophyta,"Hatschbach, G",Justicia laevilinguis Lindau,Justicia laevilinguis,laevilinguis,1983.0
Magnoliopsida,Brazil,HUEFS - Herbario da Universidade Estadual de Feira de Santana,-12.25,-38.966667,Acanthaceae,Justicia,Plantae,5.0,Lamiales,Tracheophyta,"Noblick, L.R.",Justicia laevilinguis Lindau,Justicia laevilinguis,laevilinguis,1983.0
Magnoliopsida,Brazil,ALCB - Herbário Alexandre Leal Costa,-12.25,-38.966667,Acanthaceae,Justicia,Plantae,5.0,Lamiales,Tracheophyta,"Noblick, LR; Lemos, MJS",Justicia laevilinguis Lindau,Justicia laevilinguis,laevilinguis,1983.0
Magnoliopsida,Brazil,HUEFS - Herbario da Universidade Estadual de Feira de Santana,,,Acanthaceae,Justicia,Plantae,6.0,Lamiales,Tracheophyta,"Lôbo, C.M.B.",Justicia laevilinguis Lindau,Justicia laevilinguis,laevilinguis,1982.0
Magnoliopsida,Brazil,ALCB - Herbário Alexandre Leal Costa,0.0,0.0,Acanthaceae,Justicia,Plantae,6.0,Lamiales,Tracheophyta,"Lobo, CMB",Justicia laevilinguis Lindau,Justicia laevilinguis,laevilinguis,1982.0
Magnoliopsida,Brazil,ICN - Herbário do Instituto de Ciências Naturais,0.0,0.0,Acanthaceae,Justicia,Plantae,1.0,Lamiales,Tracheophyta,"Miotto, STS",Justicia laevilinguis Lindau,Justicia laevilinguis,laevilinguis,1981.0
Magnoliopsida,Brazil,ICN - Herbário do Instituto de Ciências Naturais,0.0,0.0,Acanthaceae,Justicia,Plantae,3.0,Lamiales,Tracheophyta,"Irgang, BE; et al.",Justicia laevilinguis Lindau,Justicia laevilinguis,laevilinguis,1981.0
Magnoliopsida,Brazil,MOSS - Herbário Dárdano de Andrade Lima,-5.711111,-35.825,Acanthaceae,Justicia,Plantae,8.0,Lamiales,Tracheophyta,"Oliveira, O.F. de",Justicia laevilinguis Lindau,Justicia laevilinguis,laevilinguis,1981.0
Magnoliopsida,Brazil,HAS - Herbário Alarich Rudolf Holger Schultz,,,Acanthaceae,Justicia,Plantae,12.0,Lamiales,Tracheophyta,"Bueno, O.",Justicia laevilinguis Lindau,Justicia laevilinguis,laevilinguis,1981.0
Magnoliopsida,Brazil,,-13.383333,-43.216667,Acanthaceae,Justicia,Plantae,4.0,Lamiales,Tracheophyta,Harley RM; et al.,Justicia laevilinguis Lindau,Justicia laevilinguis,laevilinguis,1980.0
Magnoliopsida,Brazil,NMNH Extant Biology,-1.07,-46.98,Acanthaceae,Justicia,Plantae,4.0,Lamiales,Tracheophyta,"G. Davidse, N. A. Rosa, C. S. Rosário & M. G. Silva",Justicia laevilinguis Lindau,Justicia laevilinguis,laevilinguis,1980.0
Magnoliopsida,Brazil,,,,Acanthaceae,Justicia,Plantae,4.0,Lamiales,Tracheophyta,"Harley, R.M.",Justicia laevilinguis Lindau,Justicia laevilinguis,laevilinguis,1980.0
Magnoliopsida,Brazil,Tropicos,-13.38333,-43.21666,Acanthaceae,Justicia,Plantae,4.0,Lamiales,Tracheophyta,R.M. Harley,Justicia laevilinguis Lindau,Justicia laevilinguis,laevilinguis,1980.0
Magnoliopsida,Brazil,Vascular plants,-13.38,-43.22,Acanthaceae,Justicia,Plantae,4.0,Lamiales,Tracheophyta,R. M. Harley,Justicia laevilinguis Lindau,Justicia laevilinguis,laevilinguis,1980.0
Magnoliopsida,Brazil,Vascular plants,-1.07,-46.98,Acanthaceae,Justicia,Plantae,4.0,Lamiales,Tracheophyta,G. Davidse,Justicia laevilinguis Lindau,Justicia laevilinguis,laevilinguis,1980.0
Magnoliopsida,Brazil,NMNH Extant Biology,-13.38,-43.22,Acanthaceae,Justicia,Plantae,4.0,Lamiales,Tracheophyta,"R. M. Harley, G. L. Bromley, A. M. Carvalho, J. Hage & H. S. Brito",Justicia laevilinguis Lindau,Justicia laevilinguis,laevilinguis,1980.0
Magnoliopsida,Brazil,IPA - Herbário - IPA Dárdano de Andrade Lima,-13.383333,-43.216667,Acanthaceae,Justicia,Plantae,4.0,Lamiales,Tracheophyta,"Harley, R.M.",Justicia laevilinguis Lindau,Justicia laevilinguis,laevilinguis,1980.0
Magnoliopsida,Brazil,RB - Rio de Janeiro Botanical Garden Herbarium Collection,-13.383333,-43.216667,Acanthaceae,Justicia,Plantae,4.0,Lamiales,Tracheophyta,"R.M. Harley; G.L. Bromley , A.M. De Carvalho, J. L. Hage",Justicia laevilinguis Lindau,Justicia laevilinguis,laevilinguis,1980.0
Magnoliopsida,Brazil,UEC - Herbário da Universidade Estadual de Campinas,-13.383333,-43.216667,Acanthaceae,Justicia,Plantae,4.0,Lamiales,Tracheophyta,"Harley, R.M.",Justicia laevilinguis Lindau,Justicia laevilinguis,laevilinguis,1980.0
Magnoliopsida,Brazil,Tropicos,,,Acanthaceae,Justicia,Plantae,6.0,Lamiales,Tracheophyta,Christopher Davidson|Gustavo Martinelli,Justicia laevilinguis Lindau,Justicia laevilinguis,laevilinguis,1980.0
Magnoliopsida,Brazil,Vascular plants,-1.869752,-55.965874,Acanthaceae,Justicia,Plantae,6.0,Lamiales,Tracheophyta,C. Davidson,Justicia laevilinguis Lindau,Justicia laevilinguis,laevilinguis,1980.0
Magnoliopsida,Brazil,"Coleção Botânica, Instituto Nacional de Pesquisas da Amazônia (INPA)",,,Acanthaceae,Justicia,Plantae,6.0,Lamiales,Tracheophyta,Mike Hopkins,Justicia laevilinguis Lindau,Justicia laevilinguis,laevilinguis,1980.0
Magnoliopsida,Brazil,NMNH Extant Biology,,,Acanthaceae,Justicia,Plantae,6.0,Lamiales,Tracheophyta,C. Davidson & G. Martinelli,Justicia laevilinguis Lindau,Justicia laevilinguis,laevilinguis,1980.0
Magnoliopsida,Brazil,RB - Rio de Janeiro Botanical Garden Herbarium Collection,,,Acanthaceae,Justicia,Plantae,6.0,Lamiales,Tracheophyta,CD,Justicia laevilinguis Lindau,Justicia laevilinguis,laevilinguis,1980.0
Magnoliopsida,Brazil,Vascular plants,-1.768258,-55.831999,Acanthaceae,Justicia,Plantae,9.0,Lamiales,Tracheophyta,C. A. Cid Ferreira,Justicia laevilinguis Lindau,Justicia laevilinguis,laevilinguis,1980.0
Magnoliopsida,Brazil,Tropicos,,,Acanthaceae,Justicia,Plantae,9.0,Lamiales,Tracheophyta,C.A. Cid Ferreira|J. Ramos|C.D.A. da Mota|N. Rosas,Justicia laevilinguis Lindau,Justicia laevilinguis,laevilinguis,1980.0
Magnoliopsida,Brazil,"Coleção Botânica, Instituto Nacional de Pesquisas da Amazônia (INPA)",,,Acanthaceae,Justicia,Plantae,9.0,Lamiales,Tracheophyta,Mike Hopkins,Justicia laevilinguis Lindau,Justicia laevilinguis,laevilinguis,1980.0
Magnoliopsida,Brazil,,,,Acanthaceae,Justicia,Plantae,9.0,Lamiales,Tracheophyta,"Ferreira,  C.A.C.; Ramos,  J.",Justicia laevilinguis Lindau,Justicia laevilinguis,laevilinguis,1980.0
Magnoliopsida,Brazil,NMNH Extant Biology,,,Acanthaceae,Justicia,Plantae,9.0,Lamiales,Tracheophyta,"C. A. Cid Ferreira, J. Ramos, C. D. A. Mota & N. Rosas",Justicia laevilinguis Lindau,Justicia laevilinguis,laevilinguis,1980.0
Magnoliopsida,Brazil,"Coleção Botânica, Instituto Nacional de Pesquisas da Amazônia (INPA)",,,Acanthaceae,Justicia,Plantae,1.0,Lamiales,Tracheophyta,Mike Hopkins,Justicia laevilinguis Lindau,Justicia laevilinguis,laevilinguis,1979.0
Magnoliopsida,Brazil,Vascular plants,-17.87,-57.53,Acanthaceae,Justicia,Plantae,6.0,Lamiales,Tracheophyta,G. T. Prance,Justicia laevilinguis Lindau,Justicia laevilinguis,laevilinguis,1979.0
Magnoliopsida,Brazil,RB - Rio de Janeiro Botanical Garden Herbarium Collection,,,Acanthaceae,Justicia,Plantae,1.0,Lamiales,Tracheophyta,G. Martinelli,Justicia obtusifolia (Nees) Lindau,Justicia laevilinguis,obtusifolia,1978.0
Magnoliopsida,Brazil,MBM - Herbário do Museu Botânico Municipal,0.0,0.0,Acanthaceae,Justicia,Plantae,3.0,Lamiales,Tracheophyta,"Hatschbach, G",Justicia laevilinguis Lindau,Justicia laevilinguis,laevilinguis,1978.0
Magnoliopsida,Brazil,NMNH Extant Biology,,,Acanthaceae,Justicia,Plantae,3.0,Lamiales,Tracheophyta,G. Hatschbach,Justicia laevilinguis Lindau,Justicia laevilinguis,laevilinguis,1978.0
Magnoliopsida,Brazil,Vascular plants,-17.87,-57.53,Acanthaceae,Justicia,Plantae,5.0,Lamiales,Tracheophyta,G. Schaller,Justicia laevilinguis Lindau,Justicia laevilinguis,laevilinguis,1978.0
Magnoliopsida,Brazil,ICN - Herbário do Instituto de Ciências Naturais,0.0,0.0,Acanthaceae,Justicia,Plantae,12.0,Lamiales,Tracheophyta,"Waechter, JL",Justicia laevilinguis Lindau,Justicia laevilinguis,laevilinguis,1978.0
Magnoliopsida,Brazil,ICN - Herbário do Instituto de Ciências Naturais,0.0,0.0,Acanthaceae,Justicia,Plantae,3.0,Lamiales,Tracheophyta,"Lima, DA; et al.",Justicia laevilinguis Lindau,Justicia laevilinguis,laevilinguis,1977.0
Magnoliopsida,Brazil,ICN - Herbário do Instituto de Ciências Naturais,0.0,0.0,Acanthaceae,Justicia,Plantae,5.0,Lamiales,Tracheophyta,"Longhi-Wagner, HM; et al.",Justicia laevilinguis Lindau,Justicia laevilinguis,laevilinguis,1977.0
Magnoliopsida,Brazil,"Coleção Botânica, Instituto Nacional de Pesquisas da Amazônia (INPA)",,,Acanthaceae,Justicia,Plantae,5.0,Lamiales,Tracheophyta,Mike Hopkins,Justicia laevilinguis Lindau,Justicia laevilinguis,laevilinguis,1977.0
Magnoliopsida,Brazil,ICN - Herbário do Instituto de Ciências Naturais,0.0,0.0,Acanthaceae,Justicia,Plantae,1.0,Lamiales,Tracheophyta,"Hagelund, K",Justicia laevilinguis Lindau,Justicia laevilinguis,laevilinguis,1973.0
Magnoliopsida,Brazil,NMNH Extant Biology,,,Acanthaceae,Justicia,Plantae,4.0,Lamiales,Tracheophyta,G. Hatschbach,Justicia laevilinguis Lindau,Justicia laevilinguis,laevilinguis,1972.0
Magnoliopsida,Brazil,RB - Rio de Janeiro Botanical Garden Herbarium Collection,,,Acanthaceae,Justicia,Plantae,4.0,Lamiales,Tracheophyta,G. Hatschbach,Justicia laevilinguis Lindau,Justicia laevilinguis,laevilinguis,1972.0
Magnoliopsida,Brazil,Tropicos,,,Acanthaceae,Justicia,Plantae,4.0,Lamiales,Tracheophyta,Gert G. Hatschbach,Justicia laevilinguis Lindau,Justicia laevilinguis,laevilinguis,1972.0
Magnoliopsida,Brazil,NMNH Extant Biology,,,Acanthaceae,Justicia,Plantae,5.0,Lamiales,Tracheophyta,G. Hatschbach,Justicia laevilinguis Lindau,Justicia laevilinguis,laevilinguis,1972.0
Magnoliopsida,Brazil,NMNH Extant Biology,,,Acanthaceae,Justicia,Plantae,1.0,Lamiales,Tracheophyta,G. Hatschbach,Justicia laevilinguis Lindau,Justicia laevilinguis,laevilinguis,1971.0
Magnoliopsida,Brazil,Vascular plants,-25.431982428804794,-49.2736972819373,Acanthaceae,Justicia,Plantae,2.0,Lamiales,Tracheophyta,G. G. Hatschbach,Justicia anagallis (Nees) Lindau,Justicia laevilinguis,anagallis,1971.0
Magnoliopsida,Brazil,MBM - Herbário do Museu Botânico Municipal,0.0,0.0,Acanthaceae,Justicia,Plantae,2.0,Lamiales,Tracheophyta,"Hatschbach, G",Justicia laevilinguis Lindau,Justicia laevilinguis,laevilinguis,1971.0
Magnoliopsida,Brazil,NMNH Extant Biology,,,Acanthaceae,Justicia,Plantae,2.0,Lamiales,Tracheophyta,G. Hatschbach,Justicia laevilinguis Lindau,Justicia laevilinguis,laevilinguis,1971.0
Magnoliopsida,Brazil,NMNH Extant Biology,,,Acanthaceae,Justicia,Plantae,12.0,Lamiales,Tracheophyta,"G. Hatschbach, L. Smith & R. M. Klein",Justicia laevilinguis Lindau,Justicia laevilinguis,laevilinguis,1971.0
Magnoliopsida,Brazil,NMNH Extant Biology,,,Acanthaceae,Justicia,Plantae,12.0,Lamiales,Tracheophyta,L. Smith & R. M. Klein,Justicia laevilinguis Lindau,Justicia laevilinguis,laevilinguis,1971.0
Magnoliopsida,Brazil,NMNH Extant Biology,,,Acanthaceae,Justicia,Plantae,2.0,Lamiales,Tracheophyta,"Hatschbach, --",Justicia laevilinguis Lindau,Justicia laevilinguis,laevilinguis,1970.0
Magnoliopsida,Brazil,NMNH Extant Biology,,,Acanthaceae,Justicia,Plantae,2.0,Lamiales,Tracheophyta,G. Hatschbach,Justicia laevilinguis Lindau,Justicia laevilinguis,laevilinguis,1970.0
Magnoliopsida,Brazil,MBM - Herbário do Museu Botânico Municipal,0.0,0.0,Acanthaceae,Justicia,Plantae,7.0,Lamiales,Tracheophyta,"Hatschbach, G; Guimarães, O",Justicia laevilinguis Lindau,Justicia laevilinguis,laevilinguis,1969.0
Magnoliopsida,Brazil,MBM - Herbário do Museu Botânico Municipal,0.0,0.0,Acanthaceae,Justicia,Plantae,6.0,Lamiales,Tracheophyta,"Hatschbach, G; Guimarães, O",Justicia laevilinguis Lindau,Justicia laevilinguis,laevilinguis,1968.0
Magnoliopsida,Brazil,NMNH Extant Biology,,,Acanthaceae,Justicia,Plantae,6.0,Lamiales,Tracheophyta,G. Hatschbach & O. Guimarães,Justicia laevilinguis Lindau,Justicia laevilinguis,laevilinguis,1968.0
Magnoliopsida,Brazil,UPCB - Herbário do Departamento de Botânica,,,Acanthaceae,Justicia,Plantae,12.0,Lamiales,Tracheophyta,"Hatschbach, G.",Justicia laevilinguis Lindau,Justicia laevilinguis,laevilinguis,1968.0
Magnoliopsida,Brazil,Vascular plants,-25.537385,-53.008927,Acanthaceae,Justicia,Plantae,12.0,Lamiales,Tracheophyta,G. G. Hatschbach,Justicia laevilinguis Lindau,Justicia laevilinguis,laevilinguis,1968.0
Magnoliopsida,Brazil,,,,Acanthaceae,Justicia,Plantae,12.0,Lamiales,Tracheophyta,Hatschbach GG; Guimaraes OA,Justicia laevilinguis Lindau,Justicia laevilinguis,laevilinguis,1968.0
Magnoliopsida,Brazil,Vascular plants,-25.537385,-53.008927,Acanthaceae,Justicia,Plantae,12.0,Lamiales,Tracheophyta,G. G. Hatschbach,Justicia laevilinguis Lindau,Justicia laevilinguis,laevilinguis,1968.0
Magnoliopsida,Brazil,NMNH Extant Biology,,,Acanthaceae,Justicia,Plantae,12.0,Lamiales,Tracheophyta,G. Hatschbach & O. Guimarães,Justicia laevilinguis Lindau,Justicia laevilinguis,laevilinguis,1968.0
Magnoliopsida,Brazil,MBM - Herbário do Museu Botânico Municipal,0.0,0.0,Acanthaceae,Justicia,Plantae,1.0,Lamiales,Tracheophyta,"Dombrowski, LT; Kuniyoshi, YS",Justicia laevilinguis Lindau,Justicia laevilinguis,laevilinguis,1967.0
Magnoliopsida,Brazil,ICN - Herbário do Instituto de Ciências Naturais,0.0,0.0,Acanthaceae,Justicia,Plantae,11.0,Lamiales,Tracheophyta,"Schultz, AR",Justicia laevilinguis Lindau,Justicia laevilinguis,laevilinguis,1967.0
Magnoliopsida,Brazil,RB - Rio de Janeiro Botanical Garden Herbarium Collection,,,Acanthaceae,Justicia,Plantae,1.0,Lamiales,Tracheophyta,Klein; Bresolin,Justicia laevilinguis Lindau,Justicia laevilinguis,laevilinguis,1966.0
Magnoliopsida,Brazil,FLOR - Herbário do Departamento de Botânica da Universidade Federal de Santa Catarina,,,Acanthaceae,Justicia,Plantae,1.0,Lamiales,Tracheophyta,"Klein, R.M.; Bresolin, A.",Justicia laevilinguis Lindau,Justicia laevilinguis,laevilinguis,1966.0
Magnoliopsida,Brazil,UPCB - Herbário do Departamento de Botânica,,,Acanthaceae,Justicia,Plantae,4.0,Lamiales,Tracheophyta,"Hatschbach, G.",Justicia anagallis (Nees) Lindau,Justicia laevilinguis,anagallis,1966.0
Magnoliopsida,Brazil,UPCB - Herbário do Departamento de Botânica,,,Acanthaceae,Justicia,Plantae,4.0,Lamiales,Tracheophyta,"Hatschbach, G.",Justicia anagallis (Nees) Lindau,Justicia laevilinguis,anagallis,1966.0
Magnoliopsida,Brazil,NMNH Extant Biology,,,Acanthaceae,Justicia,Plantae,4.0,Lamiales,Tracheophyta,G. Hatschbach,Justicia laevilinguis Lindau,Justicia laevilinguis,laevilinguis,1966.0
Magnoliopsida,Brazil,Vascular plants,-24.794970416313692,-50.012345366010194,Acanthaceae,Justicia,Plantae,4.0,Lamiales,Tracheophyta,G. G. Hatschbach,Justicia anagallis (Nees) Lindau,Justicia laevilinguis,anagallis,1966.0
Magnoliopsida,Brazil,,,,Acanthaceae,Justicia,Plantae,4.0,Lamiales,Tracheophyta,"Hatschbach, G.",Justicia laevilinguis Lindau,Justicia laevilinguis,laevilinguis,1966.0
Magnoliopsida,Brazil,MBM - Herbário do Museu Botânico Municipal,0.0,0.0,Acanthaceae,Justicia,Plantae,4.0,Lamiales,Tracheophyta,"Hatschbach, G",Justicia laevilinguis Lindau,Justicia laevilinguis,laevilinguis,1966.0
Magnoliopsida,Brazil,NMNH Extant Biology,-26.85,-52.23,Acanthaceae,Justicia,Plantae,12.0,Lamiales,Tracheophyta,L. Smith & R. M. Klein,Justicia laevilinguis Lindau,Justicia laevilinguis,laevilinguis,1964.0
Magnoliopsida,Brazil,NMNH Extant Biology,,,Acanthaceae,Justicia,Plantae,12.0,Lamiales,Tracheophyta,R. M. Klein,Justicia laevilinguis Lindau,Justicia laevilinguis,laevilinguis,1962.0
Magnoliopsida,Brazil,ALCB - Herbário Alexandre Leal Costa,0.0,0.0,Acanthaceae,Justicia,Plantae,5.0,Lamiales,Tracheophyta,"Lordêlo, RP",Justicia laevilinguis Lindau,Justicia laevilinguis,laevilinguis,1958.0
Magnoliopsida,Brazil,Tropicos,,,Acanthaceae,Justicia,Plantae,1.0,Lamiales,Tracheophyta,Lyman B. Smith|P. Raulino Reitz,Justicia laevilinguis Lindau,Justicia laevilinguis,laevilinguis,1957.0
Magnoliopsida,Brazil,NMNH Extant Biology,,,Acanthaceae,Justicia,Plantae,1.0,Lamiales,Tracheophyta,L. Smith & R. Reitz,Justicia laevilinguis Lindau,Justicia laevilinguis,laevilinguis,1957.0
Magnoliopsida,Brazil,RB - Rio de Janeiro Botanical Garden Herbarium Collection,,,Acanthaceae,Justicia,Plantae,1.0,Lamiales,Tracheophyta,L.B. Smith; Pe. R. Reitz,Justicia laevilinguis Lindau,Justicia laevilinguis,laevilinguis,1957.0
Magnoliopsida,Brazil,NMNH Extant Biology,,,Acanthaceae,Justicia,Plantae,2.0,Lamiales,Tracheophyta,L. Smith & R. M. Klein,Justicia laevilinguis Lindau,Justicia laevilinguis,laevilinguis,1957.0
Magnoliopsida,Brazil,NMNH Extant Biology,,,Acanthaceae,Justicia,Plantae,11.0,Lamiales,Tracheophyta,Ghatschbach,Justicia laevilinguis Lindau,Justicia laevilinguis,laevilinguis,1957.0
Magnoliopsida,Brazil,UPCB - Herbário do Departamento de Botânica,,,Acanthaceae,Justicia,Plantae,11.0,Lamiales,Tracheophyta,"Hatschbach, G.",Justicia anagallis (Nees) Lindau,Justicia laevilinguis,anagallis,1957.0
Magnoliopsida,Brazil,PACA-AGP - Herbarium Anchieta,,,Acanthaceae,Justicia,Plantae,11.0,Lamiales,Tracheophyta,"Hatschbach, G.",Justicia laevilinguis Lindau,Justicia laevilinguis,laevilinguis,1957.0
Magnoliopsida,Brazil,MBM - Herbário do Museu Botânico Municipal,0.0,0.0,Acanthaceae,Justicia,Plantae,11.0,Lamiales,Tracheophyta,"Hatschbach, G",Justicia laevilinguis Lindau,Justicia laevilinguis,laevilinguis,1957.0
Magnoliopsida,Brazil,IPA - Herbário - IPA Dárdano de Andrade Lima,0.0,0.0,Acanthaceae,Justicia,Plantae,1.0,Lamiales,Tracheophyta,Andrade-Lima,Justicia laevilinguis Lindau,Justicia laevilinguis,laevilinguis,1956.0
Magnoliopsida,Brazil,,,,Acanthaceae,Justicia,Plantae,1.0,Lamiales,Tracheophyta,Dionisio,Justicia laevilinguis Lindau,Justicia laevilinguis,laevilinguis,1956.0
Magnoliopsida,Brazil,NMNH Extant Biology,,,Acanthaceae,Justicia,Plantae,1.0,Lamiales,Tracheophyta,D. F. Coêlho,Justicia laevilinguis Lindau,Justicia laevilinguis,laevilinguis,1956.0
Magnoliopsida,Brazil,"Coleção Botânica, Instituto Nacional de Pesquisas da Amazônia (INPA)",,,Acanthaceae,Justicia,Plantae,1.0,Lamiales,Tracheophyta,Mike Hopkins,Justicia laevilinguis Lindau,Justicia laevilinguis,laevilinguis,1956.0
Magnoliopsida,Brazil,RB - Rio de Janeiro Botanical Garden Herbarium Collection,,,Acanthaceae,Justicia,Plantae,2.0,Lamiales,Tracheophyta,,Justicia laevilinguis Lindau,Justicia laevilinguis,laevilinguis,1956.0
Magnoliopsida,Brazil,ALCB - Herbário Alexandre Leal Costa,0.0,0.0,Acanthaceae,Justicia,Plantae,3.0,Lamiales,Tracheophyta,"Lordêlo, RP",Justicia laevilinguis Lindau,Justicia laevilinguis,laevilinguis,1956.0
Magnoliopsida,Brazil,NMNH Extant Biology,,,Acanthaceae,Justicia,Plantae,11.0,Lamiales,Tracheophyta,"L. Smith, R. Reitz & R. M. Klein",Justicia laevilinguis Lindau,Justicia laevilinguis,laevilinguis,1956.0
Magnoliopsida,Brazil,,,,Acanthaceae,Justicia,Plantae,11.0,Lamiales,Tracheophyta,"Smith, L.B.",Justicia laevilinguis Lindau,Justicia laevilinguis,laevilinguis,1956.0
Magnoliopsida,Brazil,RB - Rio de Janeiro Botanical Garden Herbarium Collection,,,Acanthaceae,Justicia,Plantae,11.0,Lamiales,Tracheophyta,L. B. Smith; Pe. R. Reitz e R. Klein,Justicia laevilinguis Lindau,Justicia laevilinguis,laevilinguis,1956.0
Magnoliopsida,Brazil,NMNH Extant Biology,,,Acanthaceae,Justicia,Plantae,11.0,Lamiales,Tracheophyta,"L. Smith, R. Reitz & R. M. Klein",Justicia laevilinguis Lindau,Justicia laevilinguis,laevilinguis,1956.0
Magnoliopsida,Brazil,RB - Rio de Janeiro Botanical Garden Herbarium Collection,,,Acanthaceae,Justicia,Plantae,10.0,Lamiales,Tracheophyta,"E. Pereira; W Egler, Graziela",Justicia laevilinguis Lindau,Justicia laevilinguis,laevilinguis,1953.0
Magnoliopsida,Brazil,Vascular plants,-22.9467,-42.0317,Acanthaceae,Justicia,Plantae,4.0,Lamiales,Tracheophyta,L. B. Smith,Justicia anagallis (Nees) Lindau,Justicia laevilinguis,anagallis,1952.0
Magnoliopsida,Brazil,NMNH Extant Biology,,,Acanthaceae,Justicia,Plantae,4.0,Lamiales,Tracheophyta,"G. A. Black, -. Ledoux & Stegemann",Justicia laevilinguis Lindau,Justicia laevilinguis,laevilinguis,1952.0
Magnoliopsida,Brazil,NMNH Extant Biology,-22.9467,-42.0317,Acanthaceae,Justicia,Plantae,4.0,Lamiales,Tracheophyta,"L. Smith, A. Magnanini, S. L. Oliveira e Silva, L. Dau & et al.",Justicia laevilinguis Lindau,Justicia laevilinguis,laevilinguis,1952.0
Magnoliopsida,Brazil,NMNH Extant Biology,-22.9467,-42.0317,Acanthaceae,Justicia,Plantae,4.0,Lamiales,Tracheophyta,"L. Smith, A. Magnanini, S. L. Oliveira e Silva, L. Dau & et al.",Justicia laevilinguis Lindau,Justicia laevilinguis,laevilinguis,1952.0
Magnoliopsida,Brazil,NMNH Extant Biology,,,Acanthaceae,Justicia,Plantae,5.0,Lamiales,Tracheophyta,J. M. Pires & N. Silva,Justicia laevilinguis Lindau,Justicia laevilinguis,laevilinguis,1952.0
Magnoliopsida,Brazil,NMNH Extant Biology,,,Acanthaceae,Justicia,Plantae,7.0,Lamiales,Tracheophyta,G. A. Black,Justicia laevilinguis Lindau,Justicia laevilinguis,laevilinguis,1952.0
Magnoliopsida,Brazil,NMNH Extant Biology,,,Acanthaceae,Justicia,Plantae,7.0,Lamiales,Tracheophyta,R. Froes & G. A. Black,Justicia laevilinguis Lindau,Justicia laevilinguis,laevilinguis,1951.0
Magnoliopsida,Brazil,NMNH Extant Biology,,,Acanthaceae,Justicia,Plantae,4.0,Lamiales,Tracheophyta,G. A. Black & I. Lobato,Justicia laevilinguis Lindau,Justicia laevilinguis,laevilinguis,1950.0
Magnoliopsida,Brazil,NMNH Extant Biology,,,Acanthaceae,Justicia,Plantae,11.0,Lamiales,Tracheophyta,G. A. Black & P. Ledoux,Justicia laevilinguis Lindau,Justicia laevilinguis,laevilinguis,1950.0
Magnoliopsida,Brazil,PACA-AGP - Herbarium Anchieta,,,Acanthaceae,Justicia,Plantae,1.0,Lamiales,Tracheophyta,"Rambo, B.",Justicia anagallis (Nees) Lindau,Justicia laevilinguis,anagallis,1949.0
Magnoliopsida,Brazil,PACA-AGP - Herbarium Anchieta,,,Acanthaceae,Justicia,Plantae,4.0,Lamiales,Tracheophyta,"Rambo, B.",Justicia laevilinguis Lindau,Justicia laevilinguis,laevilinguis,1949.0
Magnoliopsida,Brazil,NMNH Extant Biology,,,Acanthaceae,Justicia,Plantae,1.0,Lamiales,Tracheophyta,R. Scolnik & R. Luti,Justicia laevilinguis Lindau,Justicia laevilinguis,laevilinguis,1948.0
Magnoliopsida,Brazil,NMNH Extant Biology,,,Acanthaceae,Justicia,Plantae,3.0,Lamiales,Tracheophyta,Palacios-Cuezzo,Justicia laevilinguis Lindau,Justicia laevilinguis,laevilinguis,1948.0
Magnoliopsida,Brazil,NMNH Extant Biology,,,Acanthaceae,Justicia,Plantae,10.0,Lamiales,Tracheophyta,A. Macedo,Justicia laevilinguis Lindau,Justicia laevilinguis,laevilinguis,1948.0
Magnoliopsida,Brazil,PACA-AGP - Herbarium Anchieta,,,Acanthaceae,Justicia,Plantae,11.0,Lamiales,Tracheophyta,"Rambo, B.",Justicia laevilinguis Lindau,Justicia laevilinguis,laevilinguis,1948.0
Magnoliopsida,Brazil,PACA-AGP - Herbarium Anchieta,,,Acanthaceae,Justicia,Plantae,12.0,Lamiales,Tracheophyta,"Rambo, B.",Justicia anagallis (Nees) Lindau,Justicia laevilinguis,anagallis,1948.0
Magnoliopsida,Brazil,NMNH Extant Biology,-3.23,-64.83,Acanthaceae,Justicia,Plantae,12.0,Lamiales,Tracheophyta,F. R. Fosberg,Justicia laevilinguis Lindau,Justicia laevilinguis,laevilinguis,1947.0
Magnoliopsida,Brazil,PACA-AGP - Herbarium Anchieta,,,Acanthaceae,Justicia,Plantae,2.0,Lamiales,Tracheophyta,"Rambo, B.",Justicia laevilinguis Lindau,Justicia laevilinguis,laevilinguis,1946.0
Magnoliopsida,Brazil,RB - Rio de Janeiro Botanical Garden Herbarium Collection,,,Acanthaceae,Justicia,Plantae,1.0,Lamiales,Tracheophyta,Amaro Macedo,Justicia laevilinguis Lindau,Justicia laevilinguis,laevilinguis,1945.0
Magnoliopsida,Brazil,NMNH Extant Biology,,,Acanthaceae,Justicia,Plantae,1.0,Lamiales,Tracheophyta,A. Macedo,Justicia laevilinguis Lindau,Justicia laevilinguis,laevilinguis,1945.0
Magnoliopsida,Brazil,PACA-AGP - Herbarium Anchieta,,,Acanthaceae,Justicia,Plantae,1.0,Lamiales,Tracheophyta,P. Buck,Justicia laevilinguis Lindau,Justicia laevilinguis,laevilinguis,1945.0
Magnoliopsida,Brazil,PACA-AGP - Herbarium Anchieta,,,Acanthaceae,Justicia,Plantae,1.0,Lamiales,Tracheophyta,"Rambo, B.",Justicia laevilinguis Lindau,Justicia laevilinguis,laevilinguis,1944.0
Magnoliopsida,Brazil,PACA-AGP - Herbarium Anchieta,,,Acanthaceae,Justicia,Plantae,1.0,Lamiales,Tracheophyta,"Rambo, B.",Justicia laevilinguis Lindau,Justicia laevilinguis,laevilinguis,1944.0
Magnoliopsida,Brazil,PACA-AGP - Herbarium Anchieta,,,Acanthaceae,Justicia,Plantae,1.0,Lamiales,Tracheophyta,"Rambo, B.",Justicia laevilinguis Lindau,Justicia laevilinguis,laevilinguis,1944.0
Magnoliopsida,Brazil,PACA-AGP - Herbarium Anchieta,,,Acanthaceae,Justicia,Plantae,1.0,Lamiales,Tracheophyta,"Rambo, B.",Justicia laevilinguis Lindau,Justicia laevilinguis,laevilinguis,1944.0
Magnoliopsida,Brazil,RB - Rio de Janeiro Botanical Garden Herbarium Collection,,,Acanthaceae,Justicia,Plantae,10.0,Lamiales,Tracheophyta,A. Goes; Dionisio,Justicia laevilinguis Lindau,Justicia laevilinguis,laevilinguis,1944.0
Magnoliopsida,Brazil,PACA-AGP - Herbarium Anchieta,,,Acanthaceae,Justicia,Plantae,1.0,Lamiales,Tracheophyta,"Rambo, B.",Justicia laevilinguis Lindau,Justicia laevilinguis,laevilinguis,1943.0
Magnoliopsida,Brazil,ICN - Herbário do Instituto de Ciências Naturais,0.0,0.0,Acanthaceae,Justicia,Plantae,2.0,Lamiales,Tracheophyta,Irmão Augusto,Justicia laevilinguis Lindau,Justicia laevilinguis,laevilinguis,1942.0
Magnoliopsida,Brazil,,,,Acanthaceae,Justicia,Plantae,8.0,Lamiales,Tracheophyta,Rambo,Justicia laevilinguis Lindau,Justicia laevilinguis,laevilinguis,1937.0
Magnoliopsida,Brazil,PACA-AGP - Herbarium Anchieta,,,Acanthaceae,Justicia,Plantae,12.0,Lamiales,Tracheophyta,"Rambo, B.",Justicia laevilinguis Lindau,Justicia laevilinguis,laevilinguis,1937.0
Magnoliopsida,Brazil,,,,Acanthaceae,Justicia,Plantae,10.0,Lamiales,Tracheophyta,"Drouet, F.",Justicia laevilinguis Lindau,Justicia laevilinguis,laevilinguis,1935.0
Magnoliopsida,Brazil,Vascular plants,-3.8942172513910953,-38.685467082059674,Acanthaceae,Justicia,Plantae,10.0,Lamiales,Tracheophyta,F. E. Drouet,Justicia obtusifolia (Nees) Lindau,Justicia laevilinguis,obtusifolia,1935.0
Magnoliopsida,Brazil,Tropicos,,,Acanthaceae,Justicia,Plantae,10.0,Lamiales,Tracheophyta,Francis E. Drouet,Justicia obtusifolia (Nees) Lindau,Justicia laevilinguis,obtusifolia,1935.0
Magnoliopsida,Brazil,NMNH Extant Biology,,,Acanthaceae,Justicia,Plantae,10.0,Lamiales,Tracheophyta,F. Drouet,Justicia laevilinguis Lindau,Justicia laevilinguis,laevilinguis,1935.0
Magnoliopsida,Brazil,PACA-AGP - Herbarium Anchieta,,,Acanthaceae,Justicia,Plantae,10.0,Lamiales,Tracheophyta,"Rambo, B.",Justicia laevilinguis Lindau,Justicia laevilinguis,laevilinguis,1934.0
Magnoliopsida,Brazil,IPA - Herbário - IPA Dárdano de Andrade Lima,0.0,0.0,Acanthaceae,Justicia,Plantae,11.0,Lamiales,Tracheophyta,"Pickel, B.",Justicia obtusifolia (Nees) Lindau,Justicia laevilinguis,obtusifolia,1934.0
Magnoliopsida,Brazil,IPA - Herbário - IPA Dárdano de Andrade Lima,0.0,0.0,Acanthaceae,Justicia,Plantae,10.0,Lamiales,Tracheophyta,"Pickel, B.",Justicia obtusifolia (Nees) Lindau,Justicia laevilinguis,obtusifolia,1923.0
Magnoliopsida,Brazil,,,,Acanthaceae,Justicia,Plantae,9.0,Lamiales,Tracheophyta,"Dawe, M.J.",Justicia laevilinguis Lindau,Justicia laevilinguis,laevilinguis,1914.0
Magnoliopsida,Brazil,RB - Rio de Janeiro Botanical Garden Herbarium Collection,,,Acanthaceae,Justicia,Plantae,4.0,Lamiales,Tracheophyta,F. Toledo,Justicia laevilinguis Lindau,Justicia laevilinguis,laevilinguis,1913.0
Magnoliopsida,Brazil,RB - Rio de Janeiro Botanical Garden Herbarium Collection,,,Acanthaceae,Justicia,Plantae,,Lamiales,Tracheophyta,Frazão,Justicia laevilinguis Lindau,Justicia laevilinguis,laevilinguis,1912.0
Magnoliopsida,Brazil,,,,Acanthaceae,Justicia,Plantae,10.0,Lamiales,Tracheophyta,Usteri,Justicia laevilinguis Lindau,Justicia laevilinguis,laevilinguis,1906.0
Magnoliopsida,Brazil,,,,Acanthaceae,Justicia,Plantae,1.0,Lamiales,Tracheophyta,"Reineck, E.M.|Czermak, J.",Justicia obtusifolia (Nees) Lindau,Justicia laevilinguis,obtusifolia,1899.0
Magnoliopsida,Brazil,,,,Acanthaceae,Justicia,Plantae,1.0,Lamiales,Tracheophyta,"Reineck, E.M.|Cazermark, J.",Justicia obtusifolia (Nees) Lindau,Justicia laevilinguis,obtusifolia,1899.0
Magnoliopsida,Brazil,"SP - Herbário do Estado ""Maria Eneyda P. Kaufmann Fidalgo"" - Coleção de Fanerógamas",0.0,0.0,Acanthaceae,Justicia,Plantae,2.0,Lamiales,Tracheophyta,"Edwall, G",Justicia laevilinguis Lindau,Justicia laevilinguis,laevilinguis,1899.0
Magnoliopsida,Brazil,"SP - Herbário do Estado ""Maria Eneyda P. Kaufmann Fidalgo"" - Coleção de Fanerógamas",0.0,0.0,Acanthaceae,Justicia,Plantae,1.0,Lamiales,Tracheophyta,"Edwall, G",Justicia laevilinguis Lindau,Justicia laevilinguis,laevilinguis,1895.0
Magnoliopsida,Brazil,,-10.8339,-52.8731,Acanthaceae,Justicia,Plantae,,Lamiales,Tracheophyta,S. Moore,Justicia paludosa Lindau,Justicia laevilinguis,paludosa,1891.0
Magnoliopsida,Brazil,,,,Acanthaceae,Justicia,Plantae,,Lamiales,Tracheophyta,S. Moore,Justicia paludosa Lindau,Justicia laevilinguis,paludosa,1891.0
Magnoliopsida,Brazil,RB - Rio de Janeiro Botanical Garden Herbarium Collection,,,Acanthaceae,Justicia,Plantae,2.0,Lamiales,Tracheophyta,Schwacke,Justicia laevilinguis Lindau,Justicia laevilinguis,laevilinguis,1882.0
Magnoliopsida,Brazil,,,,Acanthaceae,Justicia,Plantae,1.0,Lamiales,Tracheophyta,Jobert,Justicia laevilinguis Lindau,Justicia laevilinguis,laevilinguis,1877.0
Magnoliopsida,Brazil,,,,Acanthaceae,Justicia,Plantae,11.0,Lamiales,Tracheophyta,"Trail, J.W.H.",Justicia laevilinguis Lindau,Justicia laevilinguis,laevilinguis,1873.0
Magnoliopsida,Brazil,,,,Acanthaceae,Justicia,Plantae,1.0,Lamiales,Tracheophyta,"Saint-Hilaire, A.",Justicia laevilinguis Lindau,Justicia laevilinguis,laevilinguis,1816.0
Magnoliopsida,Brazil,,,,Acanthaceae,Justicia,Plantae,1.0,Lamiales,Tracheophyta,"Saint-Hilaire, A.",Justicia laevilinguis Lindau,Justicia laevilinguis,laevilinguis,1816.0
Magnoliopsida,Brazil,,,,Acanthaceae,Justicia,Plantae,1.0,Lamiales,Tracheophyta,"Saint-Hilaire, A.",Justicia laevilinguis Lindau,Justicia laevilinguis,laevilinguis,1816.0
Magnoliopsida,Brazil,Meise Botanic Garden Herbarium,,,Acanthaceae,Justicia,Plantae,2.0,Lamiales,Tracheophyta,Wied M.,Justicia laevilinguis Lindau,Justicia laevilinguis,laevilinguis,1816.0
Magnoliopsida,Brazil,,-10.8339,-52.8731,Acanthaceae,Justicia,Plantae,,Lamiales,Tracheophyta,,Justicia laevilinguis Lindau,Justicia laevilinguis,laevilinguis,
Magnoliopsida,Brazil,CEPEC - Herbário do Centro de Pesquisas do Cacau,,,Acanthaceae,Justicia,Plantae,,Lamiales,Tracheophyta,G. Hatschbach,Justicia laevilinguis Lindau,Justicia laevilinguis,laevilinguis,
Magnoliopsida,Brazil,R - Herbário do Museu Nacional,,,Acanthaceae,Justicia,Plantae,,Lamiales,Tracheophyta,"Freire Allemão, F.",Justicia laevilinguis Lindau,Justicia laevilinguis,laevilinguis,
Magnoliopsida,Brazil,RB - Rio de Janeiro Botanical Garden Herbarium Collection,,,Acanthaceae,Justicia,Plantae,,Lamiales,Tracheophyta,E. Pereira; W. Egler e Graziela,Justicia laevilinguis Lindau,Justicia laevilinguis,laevilinguis,
Magnoliopsida,Brazil,,-10.8339,-52.8731,Acanthaceae,Justicia,Plantae,,Lamiales,Tracheophyta,,Justicia laevilinguis Lindau,Justicia laevilinguis,laevilinguis,
Magnoliopsida,Brazil,Meise Botanic Garden Herbarium,,,Acanthaceae,Justicia,Plantae,,Lamiales,Tracheophyta,Sellow F.,Justicia laevilinguis Lindau,Justicia laevilinguis,laevilinguis,
Magnoliopsida,Brazil,UFMT - Herbário UFMT,0.0,0.0,Acanthaceae,Justicia,Plantae,,Lamiales,Tracheophyta,"Arruda, E.C.; Rebellato, L.",Justicia laevilinguis Lindau,Justicia laevilinguis,laevilinguis,
Magnoliopsida,Brazil,,,,Acanthaceae,Justicia,Plantae,,Lamiales,Tracheophyta,Tweedie,Justicia laevilinguis Lindau,Justicia laevilinguis,laevilinguis,
Magnoliopsida,Brazil,"Coleção Botânica, Instituto Nacional de Pesquisas da Amazônia (INPA)",,,Acanthaceae,Justicia,Plantae,,Lamiales,Tracheophyta,Mike Hopkins,Justicia laevilinguis Lindau,Justicia laevilinguis,laevilinguis,
Magnoliopsida,Brazil,,-10.8339,-52.8731,Acanthaceae,Justicia,Plantae,,Lamiales,Tracheophyta,F. Sellow,Justicia anagallis (Nees) Lindau,Justicia laevilinguis,anagallis,
Magnoliopsida,Brazil,,,,Acanthaceae,Justicia,Plantae,,Lamiales,Tracheophyta,Anonymous collector,Rhytiglossa obtusifolia var. hirsuticaulis Nees,Justicia laevilinguis,obtusifolia,
Magnoliopsida,Brazil,Vascular plants,,,Acanthaceae,Justicia,Plantae,,Lamiales,Tracheophyta,S. L. M. Moore,Dianthera paludosa S.Moore,Justicia laevilinguis,paludosa,
Magnoliopsida,Brazil,,,,Acanthaceae,Justicia,Plantae,,Lamiales,Tracheophyta,"Usteri, A.",Justicia laevilinguis Lindau,Justicia laevilinguis,laevilinguis,
Magnoliopsida,Brazil,CEPEC - Herbário do Centro de Pesquisas do Cacau,,,Acanthaceae,Justicia,Plantae,,Lamiales,Tracheophyta,A. M. de Carvalho,Justicia laevilinguis Lindau,Justicia laevilinguis,laevilinguis,
Magnoliopsida,Brazil,,,,Acanthaceae,Justicia,Plantae,,Lamiales,Tracheophyta,"Usteri, A.",Justicia laevilinguis Lindau,Justicia laevilinguis,laevilinguis,
Magnoliopsida,Brazil,,-10.8339,-52.8731,Acanthaceae,Justicia,Plantae,,Lamiales,Tracheophyta,,Justicia laevilinguis Lindau,Justicia laevilinguis,laevilinguis,
Magnoliopsida,Brazil,HTSA - Herbário do Trópico Semiárido,-8.3925,-40.583333,Acanthaceae,Justicia,Plantae,,Lamiales,Tracheophyta,"Silva, G.C. da",Justicia laevilinguis Lindau,Justicia laevilinguis,laevilinguis,
Magnoliopsida,Brazil,,,,Acanthaceae,Justicia,Plantae,,Lamiales,Tracheophyta,Allemao,Justicia laevilinguis Lindau,Justicia laevilinguis,laevilinguis,
Magnoliopsida,Brazil,RB - Rio de Janeiro Botanical Garden Herbarium Collection,,,Acanthaceae,Justicia,Plantae,,Lamiales,Tracheophyta,A Duque,Justicia laevilinguis Lindau,Justicia laevilinguis,laevilinguis,
Magnoliopsida,Brazil,CEPEC - Herbário do Centro de Pesquisas do Cacau,-12.25,-38.966667,Acanthaceae,Justicia,Plantae,,Lamiales,Tracheophyta,L. R. Noblick,Justicia laevilinguis Lindau,Justicia laevilinguis,laevilinguis,
Magnoliopsida,Brazil,RB - Rio de Janeiro Botanical Garden Herbarium Collection,,,Acanthaceae,Justicia,Plantae,,Lamiales,Tracheophyta,C.A.Cid ; C.D. Mota & N. Rosas,Justicia laevilinguis Lindau,Justicia laevilinguis,laevilinguis,
Magnoliopsida,Brazil,,,,Acanthaceae,Justicia,Plantae,,Lamiales,Tracheophyta,Anonymous collector,Rhytiglossa anagallis Mart. & Nees,Justicia laevilinguis,anagallis,
Magnoliopsida,Brazil,,,,Acanthaceae,Justicia,Plantae,,Lamiales,Tracheophyta,REFLORA provisional entry,Justicia laevilinguis Lindau,Justicia laevilinguis,laevilinguis,
Magnoliopsida,Brazil,,,,Acanthaceae,Justicia,Plantae,,Lamiales,Tracheophyta,F. Sellow,Justicia anagallis (Nees) Lindau,Justicia laevilinguis,anagallis,
Magnoliopsida,Brazil,,-10.8339,-52.8731,Acanthaceae,Justicia,Plantae,,Lamiales,Tracheophyta,F. Sellow,Justicia laevilinguis Lindau,Justicia laevilinguis,laevilinguis,
Magnoliopsida,Brazil,,-10.0,-55.0,Acanthaceae,Justicia,Plantae,,Lamiales,Tracheophyta,"Martius, C.F.P. von (no. Obs. 1876)",Justicia anagallis (Nees) Lindau,Justicia laevilinguis,anagallis,
Magnoliopsida,Brazil,Vascular plants,,,Acanthaceae,Justicia,Plantae,,Lamiales,Tracheophyta,S. Tsugaru,Justicia laevilinguis Lindau,Justicia laevilinguis,laevilinguis,
Magnoliopsida,Brazil,,,,Acanthaceae,Justicia,Plantae,,Lamiales,Tracheophyta,REFLORA provisional entry,Justicia laevilinguis Lindau,Justicia laevilinguis,laevilinguis,
Magnoliopsida,Brazil,,-10.8339,-52.8731,Acanthaceae,Justicia,Plantae,,Lamiales,Tracheophyta,,Justicia laevilinguis Lindau,Justicia laevilinguis,laevilinguis,
Magnoliopsida,Brazil,CEPEC - Herbário do Centro de Pesquisas do Cacau,-11.172778,-40.545556,Acanthaceae,Justicia,Plantae,,Lamiales,Tracheophyta,A. M. Giulietti,Justicia laevilinguis Lindau,Justicia laevilinguis,laevilinguis,
Magnoliopsida,Brazil,CPAP - Herbário CPAP,,,Acanthaceae,Justicia,Plantae,,Lamiales,Tracheophyta,"Pinder, L.",Justicia laevilinguis Lindau,Justicia laevilinguis,laevilinguis,
Magnoliopsida,Brazil,,,,Acanthaceae,Justicia,Plantae,,Lamiales,Tracheophyta,REFLORA provisional entry,Justicia laevilinguis Lindau,Justicia laevilinguis,laevilinguis,
Magnoliopsida,Brazil,,,,Acanthaceae,Justicia,Plantae,,Lamiales,Tracheophyta,F. Sellow,Justicia obtusifolia (Nees) Lindau,Justicia laevilinguis,obtusifolia,
Magnoliopsida,Brazil,,,,Acanthaceae,Justicia,Plantae,,Lamiales,Tracheophyta,"Bolland, G.",Justicia laevilinguis Lindau,Justicia laevilinguis,laevilinguis,
Magnoliopsida,Brazil,,,,Acanthaceae,Justicia,Plantae,,Lamiales,Tracheophyta,F. Sellow,Justicia repens (Nees) Lindau,Justicia laevilinguis,repens,
Magnoliopsida,Brazil,,,,Acanthaceae,Justicia,Plantae,,Lamiales,Tracheophyta,"Smith, L. B.",Justicia laevilinguis Lindau,Justicia laevilinguis,laevilinguis,
Magnoliopsida,Brazil,,,,Acanthaceae,Justicia,Plantae,,Lamiales,Tracheophyta,"Glaziou, A.",Justicia laevilinguis Lindau,Justicia laevilinguis,laevilinguis,
Magnoliopsida,Brazil,,,,Acanthaceae,Justicia,Plantae,,Lamiales,Tracheophyta,Sellow,Justicia laevilinguis Lindau,Justicia laevilinguis,laevilinguis,
Magnoliopsida,Brazil,,,,Acanthaceae,Justicia,Plantae,,Lamiales,Tracheophyta,"Sellow,F.",Rhytiglossa repens Nees,Justicia laevilinguis,repens,
Magnoliopsida,Brazil,,,,Acanthaceae,Justicia,Plantae,,Lamiales,Tracheophyta,F. Sellow,Justicia laevilinguis Lindau,Justicia laevilinguis,laevilinguis,
Magnoliopsida,Brazil,,,,Acanthaceae,Justicia,Plantae,,Lamiales,Tracheophyta,Tweedie,Justicia laevilinguis Lindau,Justicia laevilinguis,laevilinguis,
Magnoliopsida,Brazil,,,,Acanthaceae,Justicia,Plantae,,Lamiales,Tracheophyta,"Sello, F.",Rhytiglossa laevilinguis Nees,Justicia laevilinguis,laevilinguis,
Magnoliopsida,Brazil,,,,Acanthaceae,Justicia,Plantae,,Lamiales,Tracheophyta,"Smith, L. B.",Justicia laevilinguis Lindau,Justicia laevilinguis,laevilinguis,
Magnoliopsida,Brazil,CEPEC - Herbário do Centro de Pesquisas do Cacau,-12.25,-38.966667,Acanthaceae,Justicia,Plantae,,Lamiales,Tracheophyta,L. R. Noblick,Justicia laevilinguis Lindau,Justicia laevilinguis,laevilinguis,
Magnoliopsida,Brazil,,,,Acanthaceae,Justicia,Plantae,,Lamiales,Tracheophyta,"Smith, L. B.",Justicia laevilinguis Lindau,Justicia laevilinguis,laevilinguis,
Magnoliopsida,Brazil,,,,Acanthaceae,Justicia,Plantae,,Lamiales,Tracheophyta,Sellow,Justicia laevilinguis Lindau,Justicia laevilinguis,laevilinguis,
Magnoliopsida,Brazil,,,,Acanthaceae,Justicia,Plantae,,Lamiales,Tracheophyta,"Dombrowski, L.T.",Justicia laevilinguis Lindau,Justicia laevilinguis,laevilinguis,
Magnoliopsida,Brazil,,-10.8339,-52.8731,Acanthaceae,Justicia,Plantae,,Lamiales,Tracheophyta,F. Sellow,Justicia repens (Nees) Lindau,Justicia laevilinguis,repens,
Magnoliopsida,Brazil,,,,Acanthaceae,Justicia,Plantae,,Lamiales,Tracheophyta,Sellow,Justicia laevilinguis Lindau,Justicia laevilinguis,laevilinguis,
Magnoliopsida,Brazil,,-10.0,-55.0,Acanthaceae,Justicia,Plantae,,Lamiales,Tracheophyta,"Martius, C.F.P. von",Justicia anagallis (Nees) Lindau,Justicia laevilinguis,anagallis,
Magnoliopsida,Brazil,NMNH Extant Biology,,,Acanthaceae,Justicia,Plantae,,Lamiales,Tracheophyta,M. Guedes,Justicia laevilinguis Lindau,Justicia laevilinguis,laevilinguis,
Magnoliopsida,Brazil,Meise Botanic Garden Herbarium,,,Acanthaceae,Justicia,Plantae,,Lamiales,Tracheophyta,Sellow F.,Justicia laevilinguis Lindau,Justicia laevilinguis,laevilinguis,
Magnoliopsida,Brazil,,,,Acanthaceae,Justicia,Plantae,,Lamiales,Tracheophyta,"Sellow,F.",Rhytiglossa laevilinguis Nees,Justicia laevilinguis,laevilinguis,
Magnoliopsida,Brazil,,-13.163117,-55.929878,Acanthaceae,Justicia,Plantae,,Lamiales,Tracheophyta,Spencer le Marchant Moore,Dianthera paludosa S.Moore,Justicia laevilinguis,paludosa,
Magnoliopsida,Brazil,ICN - Herbário do Instituto de Ciências Naturais,0.0,0.0,Acanthaceae,Justicia,Plantae,,Lamiales,Tracheophyta,"Nogueira, F",Justicia laevilinguis Lindau,Justicia laevilinguis,laevilinguis,
Magnoliopsida,Brazil,RB - Rio de Janeiro Botanical Garden Herbarium Collection,,,Acanthaceae,Justicia,Plantae,,Lamiales,Tracheophyta,M. Clara Ferreira ; T. Jost,Justicia laevilinguis Lindau,Justicia laevilinguis,laevilinguis,
Magnoliopsida,Brazil,,,,Acanthaceae,Justicia,Plantae,,Lamiales,Tracheophyta,REFLORA provisional entry,Justicia laevilinguis Lindau,Justicia laevilinguis,laevilinguis,
Magnoliopsida,Brazil,,,,Acanthaceae,Justicia,Plantae,,Lamiales,Tracheophyta,REFLORA provisional entry,Justicia laevilinguis Lindau,Justicia laevilinguis,laevilinguis,
Magnoliopsida,Brazil,,-10.8339,-52.8731,Acanthaceae,Justicia,Plantae,,Lamiales,Tracheophyta,F. Sellow,Justicia obtusifolia (Nees) Lindau,Justicia laevilinguis,obtusifolia,
Magnoliopsida,Brazil,,,,Acanthaceae,Justicia,Plantae,,Lamiales,Tracheophyta,s.coll.,Justicia laevilinguis Lindau,Justicia laevilinguis,laevilinguis,
Magnoliopsida,Brazil,,,,Acanthaceae,Justicia,Plantae,,Lamiales,Tracheophyta,,Justicia laevilinguis Lindau,Justicia laevilinguis,laevilinguis,
Magnoliopsida,Brazil,CEPEC - Herbário do Centro de Pesquisas do Cacau,-13.383333,-43.216667,Acanthaceae,Justicia,Plantae,,Lamiales,Tracheophyta,R. M. Harley,Justicia laevilinguis Lindau,Justicia laevilinguis,laevilinguis,
Magnoliopsida,Brazil,,,,Acanthaceae,Justicia,Plantae,,Lamiales,Tracheophyta,Sellow,Justicia laevilinguis Lindau,Justicia laevilinguis,laevilinguis,
Magnoliopsida,Brazil,,-10.8339,-52.8731,Acanthaceae,Justicia,Plantae,,Lamiales,Tracheophyta,,Justicia laevilinguis Lindau,Justicia laevilinguis,laevilinguis,
